ident,name,point_type,region,lat,lon,provider,effective_date,source_url,source_page
ABTOK,ABTOK,SIGNIFICANT_POINT,MALAYSIA / WMFC-WBFC FIR,6.3050000000,102.2955833333,CAAM MALAYSIA,2026-05-14,https://aip.caam.gov.my/aip/eAIP/2026-05-14-AIRAC/html/eAIP/WM-ENR-4.4-en-MS.html,
ABTOM,ABTOM,SIGNIFICANT_POINT,MALAYSIA / WMFC-WBFC FIR,3.1758000000,101.2767000000,CAAM MALAYSIA,2026-05-14,https://aip.caam.gov.my/aip/eAIP/2026-05-14-AIRAC/html/eAIP/WM-ENR-4.4-en-MS.html,
ABTUT,ABTUT,SIGNIFICANT_POINT,MALAYSIA / WMFC-WBFC FIR,5.6903222222,100.2663833333,CAAM MALAYSIA,2026-05-14,https://aip.caam.gov.my/aip/eAIP/2026-05-14-AIRAC/html/eAIP/WM-ENR-4.4-en-MS.html,
ADGAB,ADGAB,SIGNIFICANT_POINT,MALAYSIA / WMFC-WBFC FIR,3.0955555556,112.6008333333,CAAM MALAYSIA,2026-05-14,https://aip.caam.gov.my/aip/eAIP/2026-05-14-AIRAC/html/eAIP/WM-ENR-4.4-en-MS.html,
ADLEX,ADLEX,SIGNIFICANT_POINT,MALAYSIA / WMFC-WBFC FIR,5.9254583333,115.2534611111,CAAM MALAYSIA,2026-05-14,https://aip.caam.gov.my/aip/eAIP/2026-05-14-AIRAC/html/eAIP/WM-ENR-4.4-en-MS.html,
ADLOV,ADLOV,SIGNIFICANT_POINT,MALAYSIA / WMFC-WBFC FIR,2.0658611111,103.7778055556,CAAM MALAYSIA,2026-05-14,https://aip.caam.gov.my/aip/eAIP/2026-05-14-AIRAC/html/eAIP/WM-ENR-4.4-en-MS.html,
ADMUS,ADMUS,SIGNIFICANT_POINT,MALAYSIA / WMFC-WBFC FIR,5.7135305556,115.9573305556,CAAM MALAYSIA,2026-05-14,https://aip.caam.gov.my/aip/eAIP/2026-05-14-AIRAC/html/eAIP/WM-ENR-4.4-en-MS.html,
ADNUT,ADNUT,SIGNIFICANT_POINT,MALAYSIA / WMFC-WBFC FIR,3.3592000000,102.6272000000,CAAM MALAYSIA,2026-05-14,https://aip.caam.gov.my/aip/eAIP/2026-05-14-AIRAC/html/eAIP/WM-ENR-4.4-en-MS.html,
AGIGI,AGIGI,SIGNIFICANT_POINT,MALAYSIA / WMFC-WBFC FIR,4.4576694444,117.7444194444,CAAM MALAYSIA,2026-05-14,https://aip.caam.gov.my/aip/eAIP/2026-05-14-AIRAC/html/eAIP/WM-ENR-4.4-en-MS.html,
AGOBA,AGOBA,SIGNIFICANT_POINT,MALAYSIA / WMFC-WBFC FIR,1.9783000000,108.5000000000,CAAM MALAYSIA,2026-05-14,https://aip.caam.gov.my/aip/eAIP/2026-05-14-AIRAC/html/eAIP/WM-ENR-4.4-en-MS.html,
AGOSA,AGOSA,SIGNIFICANT_POINT,MALAYSIA / WMFC-WBFC FIR,3.1447000000,101.2192000000,CAAM MALAYSIA,2026-05-14,https://aip.caam.gov.my/aip/eAIP/2026-05-14-AIRAC/html/eAIP/WM-ENR-4.4-en-MS.html,
AGPOP,AGPOP,SIGNIFICANT_POINT,MALAYSIA / WMFC-WBFC FIR,2.1781000000,111.2239000000,CAAM MALAYSIA,2026-05-14,https://aip.caam.gov.my/aip/eAIP/2026-05-14-AIRAC/html/eAIP/WM-ENR-4.4-en-MS.html,
AGRES,AGRES,SIGNIFICANT_POINT,MALAYSIA / WMFC-WBFC FIR,4.4362083333,100.6398388889,CAAM MALAYSIA,2026-05-14,https://aip.caam.gov.my/aip/eAIP/2026-05-14-AIRAC/html/eAIP/WM-ENR-4.4-en-MS.html,
AGSON,AGSON,SIGNIFICANT_POINT,MALAYSIA / WMFC-WBFC FIR,2.2500000000,114.8567000000,CAAM MALAYSIA,2026-05-14,https://aip.caam.gov.my/aip/eAIP/2026-05-14-AIRAC/html/eAIP/WM-ENR-4.4-en-MS.html,
AGUPO,AGUPO,SIGNIFICANT_POINT,MALAYSIA / WMFC-WBFC FIR,4.5936000000,112.8667000000,CAAM MALAYSIA,2026-05-14,https://aip.caam.gov.my/aip/eAIP/2026-05-14-AIRAC/html/eAIP/WM-ENR-4.4-en-MS.html,
AGVAR,AGVAR,SIGNIFICANT_POINT,MALAYSIA / WMFC-WBFC FIR,1.7885277778,103.6959055556,CAAM MALAYSIA,2026-05-14,https://aip.caam.gov.my/aip/eAIP/2026-05-14-AIRAC/html/eAIP/WM-ENR-4.4-en-MS.html,
AKABA,AKABA,SIGNIFICANT_POINT,MALAYSIA / WMFC-WBFC FIR,5.7500000000,115.8417000000,CAAM MALAYSIA,2026-05-14,https://aip.caam.gov.my/aip/eAIP/2026-05-14-AIRAC/html/eAIP/WM-ENR-4.4-en-MS.html,
AKDEM,AKDEM,SIGNIFICANT_POINT,MALAYSIA / WMFC-WBFC FIR,4.7722222222,117.5402777778,CAAM MALAYSIA,2026-05-14,https://aip.caam.gov.my/aip/eAIP/2026-05-14-AIRAC/html/eAIP/WM-ENR-4.4-en-MS.html,
AKDUS,AKDUS,SIGNIFICANT_POINT,MALAYSIA / WMFC-WBFC FIR,6.3297333333,99.7893750000,CAAM MALAYSIA,2026-05-14,https://aip.caam.gov.my/aip/eAIP/2026-05-14-AIRAC/html/eAIP/WM-ENR-4.4-en-MS.html,
AKMAR,AKMAR,SIGNIFICANT_POINT,MALAYSIA / WMFC-WBFC FIR,5.9039388889,117.4391388889,CAAM MALAYSIA,2026-05-14,https://aip.caam.gov.my/aip/eAIP/2026-05-14-AIRAC/html/eAIP/WM-ENR-4.4-en-MS.html,
AKMET,AKMET,SIGNIFICANT_POINT,MALAYSIA / WMFC-WBFC FIR,1.8986333333,103.7275333333,CAAM MALAYSIA,2026-05-14,https://aip.caam.gov.my/aip/eAIP/2026-05-14-AIRAC/html/eAIP/WM-ENR-4.4-en-MS.html,
AKMIS,AKMIS,SIGNIFICANT_POINT,MALAYSIA / WMFC-WBFC FIR,5.7755638889,100.3128055556,CAAM MALAYSIA,2026-05-14,https://aip.caam.gov.my/aip/eAIP/2026-05-14-AIRAC/html/eAIP/WM-ENR-4.4-en-MS.html,
AKNIR,AKNIR,SIGNIFICANT_POINT,MALAYSIA / WMFC-WBFC FIR,6.4733722222,116.3789444444,CAAM MALAYSIA,2026-05-14,https://aip.caam.gov.my/aip/eAIP/2026-05-14-AIRAC/html/eAIP/WM-ENR-4.4-en-MS.html,
AKOMA,AKOMA,SIGNIFICANT_POINT,MALAYSIA / WMFC-WBFC FIR,1.7561111111,103.9119444444,CAAM MALAYSIA,2026-05-14,https://aip.caam.gov.my/aip/eAIP/2026-05-14-AIRAC/html/eAIP/WM-ENR-4.4-en-MS.html,
AKRAB,AKRAB,SIGNIFICANT_POINT,MALAYSIA / WMFC-WBFC FIR,6.4996833333,99.3543944444,CAAM MALAYSIA,2026-05-14,https://aip.caam.gov.my/aip/eAIP/2026-05-14-AIRAC/html/eAIP/WM-ENR-4.4-en-MS.html,
AKSAP,AKSAP,SIGNIFICANT_POINT,MALAYSIA / WMFC-WBFC FIR,5.7386527778,116.0998666667,CAAM MALAYSIA,2026-05-14,https://aip.caam.gov.my/aip/eAIP/2026-05-14-AIRAC/html/eAIP/WM-ENR-4.4-en-MS.html,
ALBIB,ALBIB,SIGNIFICANT_POINT,MALAYSIA / WMFC-WBFC FIR,5.1913638889,100.3737333333,CAAM MALAYSIA,2026-05-14,https://aip.caam.gov.my/aip/eAIP/2026-05-14-AIRAC/html/eAIP/WM-ENR-4.4-en-MS.html,
ALBOX,ALBOX,SIGNIFICANT_POINT,MALAYSIA / WMFC-WBFC FIR,2.3014000000,111.9387638889,CAAM MALAYSIA,2026-05-14,https://aip.caam.gov.my/aip/eAIP/2026-05-14-AIRAC/html/eAIP/WM-ENR-4.4-en-MS.html,
ALEKA,ALEKA,SIGNIFICANT_POINT,MALAYSIA / WMFC-WBFC FIR,2.5164527778,112.6673888889,CAAM MALAYSIA,2026-05-14,https://aip.caam.gov.my/aip/eAIP/2026-05-14-AIRAC/html/eAIP/WM-ENR-4.4-en-MS.html,
ALEMO,ALEMO,SIGNIFICANT_POINT,MALAYSIA / WMFC-WBFC FIR,2.7625000000,113.5722000000,CAAM MALAYSIA,2026-05-14,https://aip.caam.gov.my/aip/eAIP/2026-05-14-AIRAC/html/eAIP/WM-ENR-4.4-en-MS.html,
ANBIK,ANBIK,SIGNIFICANT_POINT,MALAYSIA / WMFC-WBFC FIR,4.4591666667,100.8938888889,CAAM MALAYSIA,2026-05-14,https://aip.caam.gov.my/aip/eAIP/2026-05-14-AIRAC/html/eAIP/WM-ENR-4.4-en-MS.html,
ANBUS,ANBUS,SIGNIFICANT_POINT,MALAYSIA / WMFC-WBFC FIR,1.2650000000,103.3500000000,CAAM MALAYSIA,2026-05-14,https://aip.caam.gov.my/aip/eAIP/2026-05-14-AIRAC/html/eAIP/WM-ENR-4.4-en-MS.html,
ANDIP,ANDIP,SIGNIFICANT_POINT,MALAYSIA / WMFC-WBFC FIR,5.6558388889,100.4976000000,CAAM MALAYSIA,2026-05-14,https://aip.caam.gov.my/aip/eAIP/2026-05-14-AIRAC/html/eAIP/WM-ENR-4.4-en-MS.html,
ANDOK,ANDOK,SIGNIFICANT_POINT,MALAYSIA / WMFC-WBFC FIR,6.0222000000,100.0000000000,CAAM MALAYSIA,2026-05-14,https://aip.caam.gov.my/aip/eAIP/2026-05-14-AIRAC/html/eAIP/WM-ENR-4.4-en-MS.html,
ANDUL,ANDUL,SIGNIFICANT_POINT,MALAYSIA / WMFC-WBFC FIR,2.5108000000,101.8814000000,CAAM MALAYSIA,2026-05-14,https://aip.caam.gov.my/aip/eAIP/2026-05-14-AIRAC/html/eAIP/WM-ENR-4.4-en-MS.html,
ANGUN,ANGUN,SIGNIFICANT_POINT,MALAYSIA / WMFC-WBFC FIR,5.1358333333,100.1266666667,CAAM MALAYSIA,2026-05-14,https://aip.caam.gov.my/aip/eAIP/2026-05-14-AIRAC/html/eAIP/WM-ENR-4.4-en-MS.html,
ANGUR,ANGUR,SIGNIFICANT_POINT,MALAYSIA / WMFC-WBFC FIR,4.5245000000,117.8721111111,CAAM MALAYSIA,2026-05-14,https://aip.caam.gov.my/aip/eAIP/2026-05-14-AIRAC/html/eAIP/WM-ENR-4.4-en-MS.html,
ANIPU,ANIPU,SIGNIFICANT_POINT,MALAYSIA / WMFC-WBFC FIR,1.0283000000,111.4569000000,CAAM MALAYSIA,2026-05-14,https://aip.caam.gov.my/aip/eAIP/2026-05-14-AIRAC/html/eAIP/WM-ENR-4.4-en-MS.html,
ANIRU,ANIRU,SIGNIFICANT_POINT,MALAYSIA / WMFC-WBFC FIR,5.1531000000,113.0572000000,CAAM MALAYSIA,2026-05-14,https://aip.caam.gov.my/aip/eAIP/2026-05-14-AIRAC/html/eAIP/WM-ENR-4.4-en-MS.html,
ANKOB,ANKOB,SIGNIFICANT_POINT,MALAYSIA / WMFC-WBFC FIR,5.7116694444,117.4666694444,CAAM MALAYSIA,2026-05-14,https://aip.caam.gov.my/aip/eAIP/2026-05-14-AIRAC/html/eAIP/WM-ENR-4.4-en-MS.html,
ANKUP,ANKUP,SIGNIFICANT_POINT,MALAYSIA / WMFC-WBFC FIR,2.1883111111,111.3399222222,CAAM MALAYSIA,2026-05-14,https://aip.caam.gov.my/aip/eAIP/2026-05-14-AIRAC/html/eAIP/WM-ENR-4.4-en-MS.html,
ANLOD,ANLOD,SIGNIFICANT_POINT,MALAYSIA / WMFC-WBFC FIR,5.8988388889,116.7030555556,CAAM MALAYSIA,2026-05-14,https://aip.caam.gov.my/aip/eAIP/2026-05-14-AIRAC/html/eAIP/WM-ENR-4.4-en-MS.html,
ANLOX,ANLOX,SIGNIFICANT_POINT,MALAYSIA / WMFC-WBFC FIR,5.8347166667,102.7474361111,CAAM MALAYSIA,2026-05-14,https://aip.caam.gov.my/aip/eAIP/2026-05-14-AIRAC/html/eAIP/WM-ENR-4.4-en-MS.html,
ANOKO,ANOKO,SIGNIFICANT_POINT,MALAYSIA / WMFC-WBFC FIR,7.1367000000,94.4167000000,CAAM MALAYSIA,2026-05-14,https://aip.caam.gov.my/aip/eAIP/2026-05-14-AIRAC/html/eAIP/WM-ENR-4.4-en-MS.html,
ANSAX,ANSAX,SIGNIFICANT_POINT,MALAYSIA / WMFC-WBFC FIR,6.0000000000,95.5083000000,CAAM MALAYSIA,2026-05-14,https://aip.caam.gov.my/aip/eAIP/2026-05-14-AIRAC/html/eAIP/WM-ENR-4.4-en-MS.html,
ANUPU,ANUPU,SIGNIFICANT_POINT,MALAYSIA / WMFC-WBFC FIR,5.7808000000,117.0675000000,CAAM MALAYSIA,2026-05-14,https://aip.caam.gov.my/aip/eAIP/2026-05-14-AIRAC/html/eAIP/WM-ENR-4.4-en-MS.html,
APATU,APATU,SIGNIFICANT_POINT,MALAYSIA / WMFC-WBFC FIR,4.3234388889,103.3703305556,CAAM MALAYSIA,2026-05-14,https://aip.caam.gov.my/aip/eAIP/2026-05-14-AIRAC/html/eAIP/WM-ENR-4.4-en-MS.html,
APEBU,APEBU,SIGNIFICANT_POINT,MALAYSIA / WMFC-WBFC FIR,5.8433444444,115.7548583333,CAAM MALAYSIA,2026-05-14,https://aip.caam.gov.my/aip/eAIP/2026-05-14-AIRAC/html/eAIP/WM-ENR-4.4-en-MS.html,
APEDA,APEDA,SIGNIFICANT_POINT,MALAYSIA / WMFC-WBFC FIR,6.1333000000,116.2233000000,CAAM MALAYSIA,2026-05-14,https://aip.caam.gov.my/aip/eAIP/2026-05-14-AIRAC/html/eAIP/WM-ENR-4.4-en-MS.html,
ARAMA,ARAMA,SIGNIFICANT_POINT,MALAYSIA / WMFC-WBFC FIR,1.6150000000,103.1200000000,CAAM MALAYSIA,2026-05-14,https://aip.caam.gov.my/aip/eAIP/2026-05-14-AIRAC/html/eAIP/WM-ENR-4.4-en-MS.html,
ARAVI,ARAVI,SIGNIFICANT_POINT,MALAYSIA / WMFC-WBFC FIR,5.5986111111,117.1136111111,CAAM MALAYSIA,2026-05-14,https://aip.caam.gov.my/aip/eAIP/2026-05-14-AIRAC/html/eAIP/WM-ENR-4.4-en-MS.html,
ARIMI,ARIMI,SIGNIFICANT_POINT,MALAYSIA / WMFC-WBFC FIR,5.4973416667,103.2159916667,CAAM MALAYSIA,2026-05-14,https://aip.caam.gov.my/aip/eAIP/2026-05-14-AIRAC/html/eAIP/WM-ENR-4.4-en-MS.html,
AROBO,AROBO,SIGNIFICANT_POINT,MALAYSIA / WMFC-WBFC FIR,5.3333333333,114.8750000000,CAAM MALAYSIA,2026-05-14,https://aip.caam.gov.my/aip/eAIP/2026-05-14-AIRAC/html/eAIP/WM-ENR-4.4-en-MS.html,
AROKI,AROKI,SIGNIFICANT_POINT,MALAYSIA / WMFC-WBFC FIR,5.6035666667,116.0528861111,CAAM MALAYSIA,2026-05-14,https://aip.caam.gov.my/aip/eAIP/2026-05-14-AIRAC/html/eAIP/WM-ENR-4.4-en-MS.html,
AROSO,AROSO,SIGNIFICANT_POINT,MALAYSIA / WMFC-WBFC FIR,2.1461000000,103.4058000000,CAAM MALAYSIA,2026-05-14,https://aip.caam.gov.my/aip/eAIP/2026-05-14-AIRAC/html/eAIP/WM-ENR-4.4-en-MS.html,
AROVU,AROVU,SIGNIFICANT_POINT,MALAYSIA / WMFC-WBFC FIR,4.3003416667,113.3202388889,CAAM MALAYSIA,2026-05-14,https://aip.caam.gov.my/aip/eAIP/2026-05-14-AIRAC/html/eAIP/WM-ENR-4.4-en-MS.html,
ASAKI,ASAKI,SIGNIFICANT_POINT,MALAYSIA / WMFC-WBFC FIR,4.4653472222,113.3351500000,CAAM MALAYSIA,2026-05-14,https://aip.caam.gov.my/aip/eAIP/2026-05-14-AIRAC/html/eAIP/WM-ENR-4.4-en-MS.html,
ASISU,ASISU,SIGNIFICANT_POINT,MALAYSIA / WMFC-WBFC FIR,5.9850000000,113.3461000000,CAAM MALAYSIA,2026-05-14,https://aip.caam.gov.my/aip/eAIP/2026-05-14-AIRAC/html/eAIP/WM-ENR-4.4-en-MS.html,
ASOGA,ASOGA,SIGNIFICANT_POINT,MALAYSIA / WMFC-WBFC FIR,3.1447222222,101.2191666667,CAAM MALAYSIA,2026-05-14,https://aip.caam.gov.my/aip/eAIP/2026-05-14-AIRAC/html/eAIP/WM-ENR-4.4-en-MS.html,
ASOMO,ASOMO,SIGNIFICANT_POINT,MALAYSIA / WMFC-WBFC FIR,4.1100944444,113.8884611111,CAAM MALAYSIA,2026-05-14,https://aip.caam.gov.my/aip/eAIP/2026-05-14-AIRAC/html/eAIP/WM-ENR-4.4-en-MS.html,
ATATO,ATATO,SIGNIFICANT_POINT,MALAYSIA / WMFC-WBFC FIR,5.7808222222,118.0674333333,CAAM MALAYSIA,2026-05-14,https://aip.caam.gov.my/aip/eAIP/2026-05-14-AIRAC/html/eAIP/WM-ENR-4.4-en-MS.html,
ATETI,ATETI,SIGNIFICANT_POINT,MALAYSIA / WMFC-WBFC FIR,1.4277777778,108.5000000000,CAAM MALAYSIA,2026-05-14,https://aip.caam.gov.my/aip/eAIP/2026-05-14-AIRAC/html/eAIP/WM-ENR-4.4-en-MS.html,
ATIMU,ATIMU,SIGNIFICANT_POINT,MALAYSIA / WMFC-WBFC FIR,3.6715444444,100.9811805556,CAAM MALAYSIA,2026-05-14,https://aip.caam.gov.my/aip/eAIP/2026-05-14-AIRAC/html/eAIP/WM-ENR-4.4-en-MS.html,
ATKUL,ATKUL,SIGNIFICANT_POINT,MALAYSIA / WMFC-WBFC FIR,5.4385805556,103.2755250000,CAAM MALAYSIA,2026-05-14,https://aip.caam.gov.my/aip/eAIP/2026-05-14-AIRAC/html/eAIP/WM-ENR-4.4-en-MS.html,
ATMAN,ATMAN,SIGNIFICANT_POINT,MALAYSIA / WMFC-WBFC FIR,1.9276388889,103.3533111111,CAAM MALAYSIA,2026-05-14,https://aip.caam.gov.my/aip/eAIP/2026-05-14-AIRAC/html/eAIP/WM-ENR-4.4-en-MS.html,
ATNUG,ATNUG,SIGNIFICANT_POINT,MALAYSIA / WMFC-WBFC FIR,2.3258333333,102.7922222222,CAAM MALAYSIA,2026-05-14,https://aip.caam.gov.my/aip/eAIP/2026-05-14-AIRAC/html/eAIP/WM-ENR-4.4-en-MS.html,
ATPIN,ATPIN,SIGNIFICANT_POINT,MALAYSIA / WMFC-WBFC FIR,5.9103000000,118.1153000000,CAAM MALAYSIA,2026-05-14,https://aip.caam.gov.my/aip/eAIP/2026-05-14-AIRAC/html/eAIP/WM-ENR-4.4-en-MS.html,
ATRON,ATRON,SIGNIFICANT_POINT,MALAYSIA / WMFC-WBFC FIR,1.5758888889,103.7746388889,CAAM MALAYSIA,2026-05-14,https://aip.caam.gov.my/aip/eAIP/2026-05-14-AIRAC/html/eAIP/WM-ENR-4.4-en-MS.html,
ATVET,ATVET,SIGNIFICANT_POINT,MALAYSIA / WMFC-WBFC FIR,2.2217000000,109.3894000000,CAAM MALAYSIA,2026-05-14,https://aip.caam.gov.my/aip/eAIP/2026-05-14-AIRAC/html/eAIP/WM-ENR-4.4-en-MS.html,
AVDUL,AVDUL,SIGNIFICANT_POINT,MALAYSIA / WMFC-WBFC FIR,5.5833000000,115.0450000000,CAAM MALAYSIA,2026-05-14,https://aip.caam.gov.my/aip/eAIP/2026-05-14-AIRAC/html/eAIP/WM-ENR-4.4-en-MS.html,
AVKAT,AVKAT,SIGNIFICANT_POINT,MALAYSIA / WMFC-WBFC FIR,5.1873388889,115.2049361111,CAAM MALAYSIA,2026-05-14,https://aip.caam.gov.my/aip/eAIP/2026-05-14-AIRAC/html/eAIP/WM-ENR-4.4-en-MS.html,
AVNEV,AVNEV,SIGNIFICANT_POINT,MALAYSIA / WMFC-WBFC FIR,1.8364194444,103.5231388889,CAAM MALAYSIA,2026-05-14,https://aip.caam.gov.my/aip/eAIP/2026-05-14-AIRAC/html/eAIP/WM-ENR-4.4-en-MS.html,
AVNIR,AVNIR,SIGNIFICANT_POINT,MALAYSIA / WMFC-WBFC FIR,2.6953000000,101.9017000000,CAAM MALAYSIA,2026-05-14,https://aip.caam.gov.my/aip/eAIP/2026-05-14-AIRAC/html/eAIP/WM-ENR-4.4-en-MS.html,
BASUT,BASUT,SIGNIFICANT_POINT,MALAYSIA / WMFC-WBFC FIR,5.6629583333,102.3079027778,CAAM MALAYSIA,2026-05-14,https://aip.caam.gov.my/aip/eAIP/2026-05-14-AIRAC/html/eAIP/WM-ENR-4.4-en-MS.html,
BATAR,BATAR,SIGNIFICANT_POINT,MALAYSIA / WMFC-WBFC FIR,2.1667000000,102.0833000000,CAAM MALAYSIA,2026-05-14,https://aip.caam.gov.my/aip/eAIP/2026-05-14-AIRAC/html/eAIP/WM-ENR-4.4-en-MS.html,
BAXAL,BAXAL,SIGNIFICANT_POINT,MALAYSIA / WMFC-WBFC FIR,4.0388888889,117.9761111111,CAAM MALAYSIA,2026-05-14,https://aip.caam.gov.my/aip/eAIP/2026-05-14-AIRAC/html/eAIP/WM-ENR-4.4-en-MS.html,
BEKOV,BEKOV,SIGNIFICANT_POINT,MALAYSIA / WMFC-WBFC FIR,5.5282194444,115.8796388889,CAAM MALAYSIA,2026-05-14,https://aip.caam.gov.my/aip/eAIP/2026-05-14-AIRAC/html/eAIP/WM-ENR-4.4-en-MS.html,
BEKSO,BEKSO,SIGNIFICANT_POINT,MALAYSIA / WMFC-WBFC FIR,3.7816611111,103.0267888889,CAAM MALAYSIA,2026-05-14,https://aip.caam.gov.my/aip/eAIP/2026-05-14-AIRAC/html/eAIP/WM-ENR-4.4-en-MS.html,
BELDA,BELDA,SIGNIFICANT_POINT,MALAYSIA / WMFC-WBFC FIR,6.1550611111,117.4906111111,CAAM MALAYSIA,2026-05-14,https://aip.caam.gov.my/aip/eAIP/2026-05-14-AIRAC/html/eAIP/WM-ENR-4.4-en-MS.html,
BENLI,BENLI,SIGNIFICANT_POINT,MALAYSIA / WMFC-WBFC FIR,2.7864666667,112.8138916667,CAAM MALAYSIA,2026-05-14,https://aip.caam.gov.my/aip/eAIP/2026-05-14-AIRAC/html/eAIP/WM-ENR-4.4-en-MS.html,
BESBI,BESBI,SIGNIFICANT_POINT,MALAYSIA / WMFC-WBFC FIR,1.7046583333,110.2764944444,CAAM MALAYSIA,2026-05-14,https://aip.caam.gov.my/aip/eAIP/2026-05-14-AIRAC/html/eAIP/WM-ENR-4.4-en-MS.html,
BETNU,BETNU,SIGNIFICANT_POINT,MALAYSIA / WMFC-WBFC FIR,5.4273138889,101.0551666667,CAAM MALAYSIA,2026-05-14,https://aip.caam.gov.my/aip/eAIP/2026-05-14-AIRAC/html/eAIP/WM-ENR-4.4-en-MS.html,
BETSI,BETSI,SIGNIFICANT_POINT,MALAYSIA / WMFC-WBFC FIR,5.7545388889,102.1474388889,CAAM MALAYSIA,2026-05-14,https://aip.caam.gov.my/aip/eAIP/2026-05-14-AIRAC/html/eAIP/WM-ENR-4.4-en-MS.html,
BEVDO,BEVDO,SIGNIFICANT_POINT,MALAYSIA / WMFC-WBFC FIR,4.1677944444,113.3379694444,CAAM MALAYSIA,2026-05-14,https://aip.caam.gov.my/aip/eAIP/2026-05-14-AIRAC/html/eAIP/WM-ENR-4.4-en-MS.html,
BIKDU,BIKDU,SIGNIFICANT_POINT,MALAYSIA / WMFC-WBFC FIR,3.8437166667,101.4188138889,CAAM MALAYSIA,2026-05-14,https://aip.caam.gov.my/aip/eAIP/2026-05-14-AIRAC/html/eAIP/WM-ENR-4.4-en-MS.html,
BIKTA,BIKTA,SIGNIFICANT_POINT,MALAYSIA / WMFC-WBFC FIR,2.7267000000,103.7169000000,CAAM MALAYSIA,2026-05-14,https://aip.caam.gov.my/aip/eAIP/2026-05-14-AIRAC/html/eAIP/WM-ENR-4.4-en-MS.html,
BILIK,BILIK,SIGNIFICANT_POINT,MALAYSIA / WMFC-WBFC FIR,3.3453000000,101.1275000000,CAAM MALAYSIA,2026-05-14,https://aip.caam.gov.my/aip/eAIP/2026-05-14-AIRAC/html/eAIP/WM-ENR-4.4-en-MS.html,
BILUK,BILUK,SIGNIFICANT_POINT,MALAYSIA / WMFC-WBFC FIR,4.6307472222,118.2256722222,CAAM MALAYSIA,2026-05-14,https://aip.caam.gov.my/aip/eAIP/2026-05-14-AIRAC/html/eAIP/WM-ENR-4.4-en-MS.html,
BIMUM,BIMUM,SIGNIFICANT_POINT,MALAYSIA / WMFC-WBFC FIR,5.6517527778,115.9314305556,CAAM MALAYSIA,2026-05-14,https://aip.caam.gov.my/aip/eAIP/2026-05-14-AIRAC/html/eAIP/WM-ENR-4.4-en-MS.html,
BIPAS,BIPAS,SIGNIFICANT_POINT,MALAYSIA / WMFC-WBFC FIR,3.9124083333,113.4596500000,CAAM MALAYSIA,2026-05-14,https://aip.caam.gov.my/aip/eAIP/2026-05-14-AIRAC/html/eAIP/WM-ENR-4.4-en-MS.html,
BIPIB,BIPIB,SIGNIFICANT_POINT,MALAYSIA / WMFC-WBFC FIR,1.9697916667,111.3970055556,CAAM MALAYSIA,2026-05-14,https://aip.caam.gov.my/aip/eAIP/2026-05-14-AIRAC/html/eAIP/WM-ENR-4.4-en-MS.html,
BIRIM,BIRIM,SIGNIFICANT_POINT,MALAYSIA / WMFC-WBFC FIR,3.3255694444,112.8953888889,CAAM MALAYSIA,2026-05-14,https://aip.caam.gov.my/aip/eAIP/2026-05-14-AIRAC/html/eAIP/WM-ENR-4.4-en-MS.html,
BITON,BITON,SIGNIFICANT_POINT,MALAYSIA / WMFC-WBFC FIR,6.0484083333,115.9525027778,CAAM MALAYSIA,2026-05-14,https://aip.caam.gov.my/aip/eAIP/2026-05-14-AIRAC/html/eAIP/WM-ENR-4.4-en-MS.html,
BIXAT,BIXAT,SIGNIFICANT_POINT,MALAYSIA / WMFC-WBFC FIR,4.7357805556,103.5469694444,CAAM MALAYSIA,2026-05-14,https://aip.caam.gov.my/aip/eAIP/2026-05-14-AIRAC/html/eAIP/WM-ENR-4.4-en-MS.html,
BOBOB,BOBOB,SIGNIFICANT_POINT,MALAYSIA / WMFC-WBFC FIR,2.3683333333,107.0994444444,CAAM MALAYSIA,2026-05-14,https://aip.caam.gov.my/aip/eAIP/2026-05-14-AIRAC/html/eAIP/WM-ENR-4.4-en-MS.html,
BOGIM,BOGIM,SIGNIFICANT_POINT,MALAYSIA / WMFC-WBFC FIR,2.9869000000,101.5619000000,CAAM MALAYSIA,2026-05-14,https://aip.caam.gov.my/aip/eAIP/2026-05-14-AIRAC/html/eAIP/WM-ENR-4.4-en-MS.html,
BOGUK,BOGUK,SIGNIFICANT_POINT,MALAYSIA / WMFC-WBFC FIR,4.9625972222,100.8143944444,CAAM MALAYSIA,2026-05-14,https://aip.caam.gov.my/aip/eAIP/2026-05-14-AIRAC/html/eAIP/WM-ENR-4.4-en-MS.html,
BOMPO,BOMPO,SIGNIFICANT_POINT,MALAYSIA / WMFC-WBFC FIR,4.8500000000,112.9525000000,CAAM MALAYSIA,2026-05-14,https://aip.caam.gov.my/aip/eAIP/2026-05-14-AIRAC/html/eAIP/WM-ENR-4.4-en-MS.html,
BONSU,BONSU,SIGNIFICANT_POINT,MALAYSIA / WMFC-WBFC FIR,1.3244000000,103.6194000000,CAAM MALAYSIA,2026-05-14,https://aip.caam.gov.my/aip/eAIP/2026-05-14-AIRAC/html/eAIP/WM-ENR-4.4-en-MS.html,
BORDU,BORDU,SIGNIFICANT_POINT,MALAYSIA / WMFC-WBFC FIR,3.3453750000,100.8942000000,CAAM MALAYSIA,2026-05-14,https://aip.caam.gov.my/aip/eAIP/2026-05-14-AIRAC/html/eAIP/WM-ENR-4.4-en-MS.html,
BOSKU,BOSKU,SIGNIFICANT_POINT,MALAYSIA / WMFC-WBFC FIR,5.5312250000,100.2451500000,CAAM MALAYSIA,2026-05-14,https://aip.caam.gov.my/aip/eAIP/2026-05-14-AIRAC/html/eAIP/WM-ENR-4.4-en-MS.html,
BOSTI,BOSTI,SIGNIFICANT_POINT,MALAYSIA / WMFC-WBFC FIR,5.8500000000,97.3333000000,CAAM MALAYSIA,2026-05-14,https://aip.caam.gov.my/aip/eAIP/2026-05-14-AIRAC/html/eAIP/WM-ENR-4.4-en-MS.html,
BUNTO,BUNTO,SIGNIFICANT_POINT,MALAYSIA / WMFC-WBFC FIR,2.7000000000,106.0000000000,CAAM MALAYSIA,2026-05-14,https://aip.caam.gov.my/aip/eAIP/2026-05-14-AIRAC/html/eAIP/WM-ENR-4.4-en-MS.html,
BUTAS,BUTAS,SIGNIFICANT_POINT,MALAYSIA / WMFC-WBFC FIR,5.1578500000,100.4502750000,CAAM MALAYSIA,2026-05-14,https://aip.caam.gov.my/aip/eAIP/2026-05-14-AIRAC/html/eAIP/WM-ENR-4.4-en-MS.html,
BUTAX,BUTAX,SIGNIFICANT_POINT,MALAYSIA / WMFC-WBFC FIR,4.4369000000,114.8756000000,CAAM MALAYSIA,2026-05-14,https://aip.caam.gov.my/aip/eAIP/2026-05-14-AIRAC/html/eAIP/WM-ENR-4.4-en-MS.html,
BUVAL,BUVAL,SIGNIFICANT_POINT,MALAYSIA / WMFC-WBFC FIR,3.6067000000,103.7283000000,CAAM MALAYSIA,2026-05-14,https://aip.caam.gov.my/aip/eAIP/2026-05-14-AIRAC/html/eAIP/WM-ENR-4.4-en-MS.html,
DABEM,DABEM,SIGNIFICANT_POINT,MALAYSIA / WMFC-WBFC FIR,6.1880000000,99.7474083333,CAAM MALAYSIA,2026-05-14,https://aip.caam.gov.my/aip/eAIP/2026-05-14-AIRAC/html/eAIP/WM-ENR-4.4-en-MS.html,
DAGIR,DAGIR,SIGNIFICANT_POINT,MALAYSIA / WMFC-WBFC FIR,5.8675305556,116.0211833333,CAAM MALAYSIA,2026-05-14,https://aip.caam.gov.my/aip/eAIP/2026-05-14-AIRAC/html/eAIP/WM-ENR-4.4-en-MS.html,
DAGNO,DAGNO,SIGNIFICANT_POINT,MALAYSIA / WMFC-WBFC FIR,4.6487805556,104.0876388889,CAAM MALAYSIA,2026-05-14,https://aip.caam.gov.my/aip/eAIP/2026-05-14-AIRAC/html/eAIP/WM-ENR-4.4-en-MS.html,
DAGOP,DAGOP,SIGNIFICANT_POINT,MALAYSIA / WMFC-WBFC FIR,2.5858000000,101.8311000000,CAAM MALAYSIA,2026-05-14,https://aip.caam.gov.my/aip/eAIP/2026-05-14-AIRAC/html/eAIP/WM-ENR-4.4-en-MS.html,
DAGRI,DAGRI,SIGNIFICANT_POINT,MALAYSIA / WMFC-WBFC FIR,5.6335777778,102.6422861111,CAAM MALAYSIA,2026-05-14,https://aip.caam.gov.my/aip/eAIP/2026-05-14-AIRAC/html/eAIP/WM-ENR-4.4-en-MS.html,
DAKIX,DAKIX,SIGNIFICANT_POINT,MALAYSIA / WMFC-WBFC FIR,7.1483333333,114.8483333333,CAAM MALAYSIA,2026-05-14,https://aip.caam.gov.my/aip/eAIP/2026-05-14-AIRAC/html/eAIP/WM-ENR-4.4-en-MS.html,
DAKUS,DAKUS,SIGNIFICANT_POINT,MALAYSIA / WMFC-WBFC FIR,3.8039000000,101.3175000000,CAAM MALAYSIA,2026-05-14,https://aip.caam.gov.my/aip/eAIP/2026-05-14-AIRAC/html/eAIP/WM-ENR-4.4-en-MS.html,
DALAN,DALAN,SIGNIFICANT_POINT,MALAYSIA / WMFC-WBFC FIR,6.4688888889,99.6555555556,CAAM MALAYSIA,2026-05-14,https://aip.caam.gov.my/aip/eAIP/2026-05-14-AIRAC/html/eAIP/WM-ENR-4.4-en-MS.html,
DAMAL,DAMAL,SIGNIFICANT_POINT,MALAYSIA / WMFC-WBFC FIR,2.3319000000,103.0867000000,CAAM MALAYSIA,2026-05-14,https://aip.caam.gov.my/aip/eAIP/2026-05-14-AIRAC/html/eAIP/WM-ENR-4.4-en-MS.html,
DAMED,DAMED,SIGNIFICANT_POINT,MALAYSIA / WMFC-WBFC FIR,5.6721611111,100.4987388889,CAAM MALAYSIA,2026-05-14,https://aip.caam.gov.my/aip/eAIP/2026-05-14-AIRAC/html/eAIP/WM-ENR-4.4-en-MS.html,
DARMU,DARMU,SIGNIFICANT_POINT,MALAYSIA / WMFC-WBFC FIR,4.0275000000,112.6767000000,CAAM MALAYSIA,2026-05-14,https://aip.caam.gov.my/aip/eAIP/2026-05-14-AIRAC/html/eAIP/WM-ENR-4.4-en-MS.html,
DODKI,DODKI,SIGNIFICANT_POINT,MALAYSIA / WMFC-WBFC FIR,2.9178000000,101.4603000000,CAAM MALAYSIA,2026-05-14,https://aip.caam.gov.my/aip/eAIP/2026-05-14-AIRAC/html/eAIP/WM-ENR-4.4-en-MS.html,
DOGOG,DOGOG,SIGNIFICANT_POINT,MALAYSIA / WMFC-WBFC FIR,5.4217000000,114.1283000000,CAAM MALAYSIA,2026-05-14,https://aip.caam.gov.my/aip/eAIP/2026-05-14-AIRAC/html/eAIP/WM-ENR-4.4-en-MS.html,
DOGVU,DOGVU,SIGNIFICANT_POINT,MALAYSIA / WMFC-WBFC FIR,5.5738500000,116.1163611111,CAAM MALAYSIA,2026-05-14,https://aip.caam.gov.my/aip/eAIP/2026-05-14-AIRAC/html/eAIP/WM-ENR-4.4-en-MS.html,
DOMBU,DOMBU,SIGNIFICANT_POINT,MALAYSIA / WMFC-WBFC FIR,6.1344722222,116.3154750000,CAAM MALAYSIA,2026-05-14,https://aip.caam.gov.my/aip/eAIP/2026-05-14-AIRAC/html/eAIP/WM-ENR-4.4-en-MS.html,
DOPTA,DOPTA,SIGNIFICANT_POINT,MALAYSIA / WMFC-WBFC FIR,4.6686000000,114.7131000000,CAAM MALAYSIA,2026-05-14,https://aip.caam.gov.my/aip/eAIP/2026-05-14-AIRAC/html/eAIP/WM-ENR-4.4-en-MS.html,
DOSIK,DOSIK,SIGNIFICANT_POINT,MALAYSIA / WMFC-WBFC FIR,1.7650000000,102.0433000000,CAAM MALAYSIA,2026-05-14,https://aip.caam.gov.my/aip/eAIP/2026-05-14-AIRAC/html/eAIP/WM-ENR-4.4-en-MS.html,
DOTOX,DOTOX,SIGNIFICANT_POINT,MALAYSIA / WMFC-WBFC FIR,5.9383333333,114.8666666667,CAAM MALAYSIA,2026-05-14,https://aip.caam.gov.my/aip/eAIP/2026-05-14-AIRAC/html/eAIP/WM-ENR-4.4-en-MS.html,
DOVID,DOVID,SIGNIFICANT_POINT,MALAYSIA / WMFC-WBFC FIR,5.5526361111,115.8583250000,CAAM MALAYSIA,2026-05-14,https://aip.caam.gov.my/aip/eAIP/2026-05-14-AIRAC/html/eAIP/WM-ENR-4.4-en-MS.html,
DOVOL,DOVOL,SIGNIFICANT_POINT,MALAYSIA / WMFC-WBFC FIR,3.5133000000,103.8233000000,CAAM MALAYSIA,2026-05-14,https://aip.caam.gov.my/aip/eAIP/2026-05-14-AIRAC/html/eAIP/WM-ENR-4.4-en-MS.html,
DOVOX,DOVOX,SIGNIFICANT_POINT,MALAYSIA / WMFC-WBFC FIR,5.5986000000,100.6503000000,CAAM MALAYSIA,2026-05-14,https://aip.caam.gov.my/aip/eAIP/2026-05-14-AIRAC/html/eAIP/WM-ENR-4.4-en-MS.html,
DOVUM,DOVUM,SIGNIFICANT_POINT,MALAYSIA / WMFC-WBFC FIR,6.7933000000,96.0433000000,CAAM MALAYSIA,2026-05-14,https://aip.caam.gov.my/aip/eAIP/2026-05-14-AIRAC/html/eAIP/WM-ENR-4.4-en-MS.html,
DOXER,DOXER,SIGNIFICANT_POINT,MALAYSIA / WMFC-WBFC FIR,2.8856000000,101.5786000000,CAAM MALAYSIA,2026-05-14,https://aip.caam.gov.my/aip/eAIP/2026-05-14-AIRAC/html/eAIP/WM-ENR-4.4-en-MS.html,
DOXES,DOXES,SIGNIFICANT_POINT,MALAYSIA / WMFC-WBFC FIR,3.8070166667,113.5611277778,CAAM MALAYSIA,2026-05-14,https://aip.caam.gov.my/aip/eAIP/2026-05-14-AIRAC/html/eAIP/WM-ENR-4.4-en-MS.html,
DUBAX,DUBAX,SIGNIFICANT_POINT,MALAYSIA / WMFC-WBFC FIR,6.4321944444,100.1268333333,CAAM MALAYSIA,2026-05-14,https://aip.caam.gov.my/aip/eAIP/2026-05-14-AIRAC/html/eAIP/WM-ENR-4.4-en-MS.html,
DUBMU,DUBMU,SIGNIFICANT_POINT,MALAYSIA / WMFC-WBFC FIR,5.4961777778,102.3435361111,CAAM MALAYSIA,2026-05-14,https://aip.caam.gov.my/aip/eAIP/2026-05-14-AIRAC/html/eAIP/WM-ENR-4.4-en-MS.html,
DUDAD,DUDAD,SIGNIFICANT_POINT,MALAYSIA / WMFC-WBFC FIR,4.1181944444,101.0599583333,CAAM MALAYSIA,2026-05-14,https://aip.caam.gov.my/aip/eAIP/2026-05-14-AIRAC/html/eAIP/WM-ENR-4.4-en-MS.html,
DUDOL,DUDOL,SIGNIFICANT_POINT,MALAYSIA / WMFC-WBFC FIR,4.5095000000,118.1141388889,CAAM MALAYSIA,2026-05-14,https://aip.caam.gov.my/aip/eAIP/2026-05-14-AIRAC/html/eAIP/WM-ENR-4.4-en-MS.html,
DUGEV,DUGEV,SIGNIFICANT_POINT,MALAYSIA / WMFC-WBFC FIR,3.7102694444,113.7163888889,CAAM MALAYSIA,2026-05-14,https://aip.caam.gov.my/aip/eAIP/2026-05-14-AIRAC/html/eAIP/WM-ENR-4.4-en-MS.html,
DUKUN,DUKUN,SIGNIFICANT_POINT,MALAYSIA / WMFC-WBFC FIR,7.6489000000,97.5192000000,CAAM MALAYSIA,2026-05-14,https://aip.caam.gov.my/aip/eAIP/2026-05-14-AIRAC/html/eAIP/WM-ENR-4.4-en-MS.html,
DULIM,DULIM,SIGNIFICANT_POINT,MALAYSIA / WMFC-WBFC FIR,5.4500000000,115.5367000000,CAAM MALAYSIA,2026-05-14,https://aip.caam.gov.my/aip/eAIP/2026-05-14-AIRAC/html/eAIP/WM-ENR-4.4-en-MS.html,
DUMOK,DUMOK,SIGNIFICANT_POINT,MALAYSIA / WMFC-WBFC FIR,2.2992000000,102.0042000000,CAAM MALAYSIA,2026-05-14,https://aip.caam.gov.my/aip/eAIP/2026-05-14-AIRAC/html/eAIP/WM-ENR-4.4-en-MS.html,
DUMUB,DUMUB,SIGNIFICANT_POINT,MALAYSIA / WMFC-WBFC FIR,5.8253833333,116.1865138889,CAAM MALAYSIA,2026-05-14,https://aip.caam.gov.my/aip/eAIP/2026-05-14-AIRAC/html/eAIP/WM-ENR-4.4-en-MS.html,
EGENU,EGENU,SIGNIFICANT_POINT,MALAYSIA / WMFC-WBFC FIR,5.7500000000,115.3850000000,CAAM MALAYSIA,2026-05-14,https://aip.caam.gov.my/aip/eAIP/2026-05-14-AIRAC/html/eAIP/WM-ENR-4.4-en-MS.html,
EGOLO,EGOLO,SIGNIFICANT_POINT,MALAYSIA / WMFC-WBFC FIR,3.3267000000,104.0133000000,CAAM MALAYSIA,2026-05-14,https://aip.caam.gov.my/aip/eAIP/2026-05-14-AIRAC/html/eAIP/WM-ENR-4.4-en-MS.html,
EGOTI,EGOTI,SIGNIFICANT_POINT,MALAYSIA / WMFC-WBFC FIR,1.5734694444,103.6089388889,CAAM MALAYSIA,2026-05-14,https://aip.caam.gov.my/aip/eAIP/2026-05-14-AIRAC/html/eAIP/WM-ENR-4.4-en-MS.html,
EKETO,EKETO,SIGNIFICANT_POINT,MALAYSIA / WMFC-WBFC FIR,3.4746861111,113.2810388889,CAAM MALAYSIA,2026-05-14,https://aip.caam.gov.my/aip/eAIP/2026-05-14-AIRAC/html/eAIP/WM-ENR-4.4-en-MS.html,
EKIGO,EKIGO,SIGNIFICANT_POINT,MALAYSIA / WMFC-WBFC FIR,5.5973722222,116.0780194444,CAAM MALAYSIA,2026-05-14,https://aip.caam.gov.my/aip/eAIP/2026-05-14-AIRAC/html/eAIP/WM-ENR-4.4-en-MS.html,
EKORI,EKORI,SIGNIFICANT_POINT,MALAYSIA / WMFC-WBFC FIR,4.5047638889,118.1641833333,CAAM MALAYSIA,2026-05-14,https://aip.caam.gov.my/aip/eAIP/2026-05-14-AIRAC/html/eAIP/WM-ENR-4.4-en-MS.html,
EKUBU,EKUBU,SIGNIFICANT_POINT,MALAYSIA / WMFC-WBFC FIR,5.7035638889,116.3504444444,CAAM MALAYSIA,2026-05-14,https://aip.caam.gov.my/aip/eAIP/2026-05-14-AIRAC/html/eAIP/WM-ENR-4.4-en-MS.html,
ELADO,ELADO,SIGNIFICANT_POINT,MALAYSIA / WMFC-WBFC FIR,5.2358111111,115.9409666667,CAAM MALAYSIA,2026-05-14,https://aip.caam.gov.my/aip/eAIP/2026-05-14-AIRAC/html/eAIP/WM-ENR-4.4-en-MS.html,
ELBAR,ELBAR,SIGNIFICANT_POINT,MALAYSIA / WMFC-WBFC FIR,6.2695750000,116.3921888889,CAAM MALAYSIA,2026-05-14,https://aip.caam.gov.my/aip/eAIP/2026-05-14-AIRAC/html/eAIP/WM-ENR-4.4-en-MS.html,
ELGOR,ELGOR,SIGNIFICANT_POINT,MALAYSIA / WMFC-WBFC FIR,3.5038888889,105.8050000000,CAAM MALAYSIA,2026-05-14,https://aip.caam.gov.my/aip/eAIP/2026-05-14-AIRAC/html/eAIP/WM-ENR-4.4-en-MS.html,
ELNAL,ELNAL,SIGNIFICANT_POINT,MALAYSIA / WMFC-WBFC FIR,1.7732388889,111.5325833333,CAAM MALAYSIA,2026-05-14,https://aip.caam.gov.my/aip/eAIP/2026-05-14-AIRAC/html/eAIP/WM-ENR-4.4-en-MS.html,
ELPOX,ELPOX,SIGNIFICANT_POINT,MALAYSIA / WMFC-WBFC FIR,4.8877194444,115.8961277778,CAAM MALAYSIA,2026-05-14,https://aip.caam.gov.my/aip/eAIP/2026-05-14-AIRAC/html/eAIP/WM-ENR-4.4-en-MS.html,
ELRAN,ELRAN,SIGNIFICANT_POINT,MALAYSIA / WMFC-WBFC FIR,2.8317000000,113.0011000000,CAAM MALAYSIA,2026-05-14,https://aip.caam.gov.my/aip/eAIP/2026-05-14-AIRAC/html/eAIP/WM-ENR-4.4-en-MS.html,
EMPUR,EMPUR,SIGNIFICANT_POINT,MALAYSIA / WMFC-WBFC FIR,5.7461111111,102.2436111111,CAAM MALAYSIA,2026-05-14,https://aip.caam.gov.my/aip/eAIP/2026-05-14-AIRAC/html/eAIP/WM-ENR-4.4-en-MS.html,
EMRAN,EMRAN,SIGNIFICANT_POINT,MALAYSIA / WMFC-WBFC FIR,8.5750000000,94.4167000000,CAAM MALAYSIA,2026-05-14,https://aip.caam.gov.my/aip/eAIP/2026-05-14-AIRAC/html/eAIP/WM-ENR-4.4-en-MS.html,
EMRUS,EMRUS,SIGNIFICANT_POINT,MALAYSIA / WMFC-WBFC FIR,5.6153444444,116.3806222222,CAAM MALAYSIA,2026-05-14,https://aip.caam.gov.my/aip/eAIP/2026-05-14-AIRAC/html/eAIP/WM-ENR-4.4-en-MS.html,
EMTEK,EMTEK,SIGNIFICANT_POINT,MALAYSIA / WMFC-WBFC FIR,5.4977916667,100.5104416667,CAAM MALAYSIA,2026-05-14,https://aip.caam.gov.my/aip/eAIP/2026-05-14-AIRAC/html/eAIP/WM-ENR-4.4-en-MS.html,
EMTEN,EMTEN,SIGNIFICANT_POINT,MALAYSIA / WMFC-WBFC FIR,6.3650361111,116.2775083333,CAAM MALAYSIA,2026-05-14,https://aip.caam.gov.my/aip/eAIP/2026-05-14-AIRAC/html/eAIP/WM-ENR-4.4-en-MS.html,
EMTUV,EMTUV,SIGNIFICANT_POINT,MALAYSIA / WMFC-WBFC FIR,1.6977222222,103.3041944444,CAAM MALAYSIA,2026-05-14,https://aip.caam.gov.my/aip/eAIP/2026-05-14-AIRAC/html/eAIP/WM-ENR-4.4-en-MS.html,
ENBAX,ENBAX,SIGNIFICANT_POINT,MALAYSIA / WMFC-WBFC FIR,6.7340472222,116.0922805556,CAAM MALAYSIA,2026-05-14,https://aip.caam.gov.my/aip/eAIP/2026-05-14-AIRAC/html/eAIP/WM-ENR-4.4-en-MS.html,
ENGAN,ENGAN,SIGNIFICANT_POINT,MALAYSIA / WMFC-WBFC FIR,3.0226638889,112.9253833333,CAAM MALAYSIA,2026-05-14,https://aip.caam.gov.my/aip/eAIP/2026-05-14-AIRAC/html/eAIP/WM-ENR-4.4-en-MS.html,
ENKOL,ENKOL,SIGNIFICANT_POINT,MALAYSIA / WMFC-WBFC FIR,2.3728805556,102.3044444444,CAAM MALAYSIA,2026-05-14,https://aip.caam.gov.my/aip/eAIP/2026-05-14-AIRAC/html/eAIP/WM-ENR-4.4-en-MS.html,
ENREP,ENREP,SIGNIFICANT_POINT,MALAYSIA / WMFC-WBFC FIR,4.8733000000,104.2450000000,CAAM MALAYSIA,2026-05-14,https://aip.caam.gov.my/aip/eAIP/2026-05-14-AIRAC/html/eAIP/WM-ENR-4.4-en-MS.html,
EPDID,EPDID,SIGNIFICANT_POINT,MALAYSIA / WMFC-WBFC FIR,5.2823305556,100.4672583333,CAAM MALAYSIA,2026-05-14,https://aip.caam.gov.my/aip/eAIP/2026-05-14-AIRAC/html/eAIP/WM-ENR-4.4-en-MS.html,
ESBOB,ESBOB,SIGNIFICANT_POINT,MALAYSIA / WMFC-WBFC FIR,5.3565805556,114.6776472222,CAAM MALAYSIA,2026-05-14,https://aip.caam.gov.my/aip/eAIP/2026-05-14-AIRAC/html/eAIP/WM-ENR-4.4-en-MS.html,
ESLAB,ESLAB,SIGNIFICANT_POINT,MALAYSIA / WMFC-WBFC FIR,4.1977666667,114.2968777778,CAAM MALAYSIA,2026-05-14,https://aip.caam.gov.my/aip/eAIP/2026-05-14-AIRAC/html/eAIP/WM-ENR-4.4-en-MS.html,
EXUGO,EXUGO,SIGNIFICANT_POINT,MALAYSIA / WMFC-WBFC FIR,4.4070000000,114.1931722222,CAAM MALAYSIA,2026-05-14,https://aip.caam.gov.my/aip/eAIP/2026-05-14-AIRAC/html/eAIP/WM-ENR-4.4-en-MS.html,
GIVAL,GIVAL,SIGNIFICANT_POINT,MALAYSIA / WMFC-WBFC FIR,7.0000000000,98.0000000000,CAAM MALAYSIA,2026-05-14,https://aip.caam.gov.my/aip/eAIP/2026-05-14-AIRAC/html/eAIP/WM-ENR-4.4-en-MS.html,
GOBAS,GOBAS,SIGNIFICANT_POINT,MALAYSIA / WMFC-WBFC FIR,3.3564000000,100.9561000000,CAAM MALAYSIA,2026-05-14,https://aip.caam.gov.my/aip/eAIP/2026-05-14-AIRAC/html/eAIP/WM-ENR-4.4-en-MS.html,
GOBEL,GOBEL,SIGNIFICANT_POINT,MALAYSIA / WMFC-WBFC FIR,2.9090444444,113.0688083333,CAAM MALAYSIA,2026-05-14,https://aip.caam.gov.my/aip/eAIP/2026-05-14-AIRAC/html/eAIP/WM-ENR-4.4-en-MS.html,
GODOM,GODOM,SIGNIFICANT_POINT,MALAYSIA / WMFC-WBFC FIR,4.4295055556,114.1785861111,CAAM MALAYSIA,2026-05-14,https://aip.caam.gov.my/aip/eAIP/2026-05-14-AIRAC/html/eAIP/WM-ENR-4.4-en-MS.html,
GODUX,GODUX,SIGNIFICANT_POINT,MALAYSIA / WMFC-WBFC FIR,3.0125000000,101.7867000000,CAAM MALAYSIA,2026-05-14,https://aip.caam.gov.my/aip/eAIP/2026-05-14-AIRAC/html/eAIP/WM-ENR-4.4-en-MS.html,
GOGOM,GOGOM,SIGNIFICANT_POINT,MALAYSIA / WMFC-WBFC FIR,5.7163888889,100.2112750000,CAAM MALAYSIA,2026-05-14,https://aip.caam.gov.my/aip/eAIP/2026-05-14-AIRAC/html/eAIP/WM-ENR-4.4-en-MS.html,
GOKIS,GOKIS,SIGNIFICANT_POINT,MALAYSIA / WMFC-WBFC FIR,5.8351388889,115.7569694444,CAAM MALAYSIA,2026-05-14,https://aip.caam.gov.my/aip/eAIP/2026-05-14-AIRAC/html/eAIP/WM-ENR-4.4-en-MS.html,
GOLUD,GOLUD,SIGNIFICANT_POINT,MALAYSIA / WMFC-WBFC FIR,6.2850000000,102.2775000000,CAAM MALAYSIA,2026-05-14,https://aip.caam.gov.my/aip/eAIP/2026-05-14-AIRAC/html/eAIP/WM-ENR-4.4-en-MS.html,
GONAD,GONAD,SIGNIFICANT_POINT,MALAYSIA / WMFC-WBFC FIR,2.8606000000,112.0892000000,CAAM MALAYSIA,2026-05-14,https://aip.caam.gov.my/aip/eAIP/2026-05-14-AIRAC/html/eAIP/WM-ENR-4.4-en-MS.html,
GORKA,GORKA,SIGNIFICANT_POINT,MALAYSIA / WMFC-WBFC FIR,5.8987388889,116.3707250000,CAAM MALAYSIA,2026-05-14,https://aip.caam.gov.my/aip/eAIP/2026-05-14-AIRAC/html/eAIP/WM-ENR-4.4-en-MS.html,
GORVU,GORVU,SIGNIFICANT_POINT,MALAYSIA / WMFC-WBFC FIR,4.8239555556,100.4741361111,CAAM MALAYSIA,2026-05-14,https://aip.caam.gov.my/aip/eAIP/2026-05-14-AIRAC/html/eAIP/WM-ENR-4.4-en-MS.html,
GOSMO,GOSMO,SIGNIFICANT_POINT,MALAYSIA / WMFC-WBFC FIR,2.5450000000,101.8308000000,CAAM MALAYSIA,2026-05-14,https://aip.caam.gov.my/aip/eAIP/2026-05-14-AIRAC/html/eAIP/WM-ENR-4.4-en-MS.html,
GOTBU,GOTBU,SIGNIFICANT_POINT,MALAYSIA / WMFC-WBFC FIR,5.6275083333,100.4013666667,CAAM MALAYSIA,2026-05-14,https://aip.caam.gov.my/aip/eAIP/2026-05-14-AIRAC/html/eAIP/WM-ENR-4.4-en-MS.html,
GOTLA,GOTLA,SIGNIFICANT_POINT,MALAYSIA / WMFC-WBFC FIR,4.2914000000,99.3322000000,CAAM MALAYSIA,2026-05-14,https://aip.caam.gov.my/aip/eAIP/2026-05-14-AIRAC/html/eAIP/WM-ENR-4.4-en-MS.html,
GUGAV,GUGAV,SIGNIFICANT_POINT,MALAYSIA / WMFC-WBFC FIR,5.7200000000,117.9042000000,CAAM MALAYSIA,2026-05-14,https://aip.caam.gov.my/aip/eAIP/2026-05-14-AIRAC/html/eAIP/WM-ENR-4.4-en-MS.html,
GUGIT,GUGIT,SIGNIFICANT_POINT,MALAYSIA / WMFC-WBFC FIR,5.5423611111,102.5627500000,CAAM MALAYSIA,2026-05-14,https://aip.caam.gov.my/aip/eAIP/2026-05-14-AIRAC/html/eAIP/WM-ENR-4.4-en-MS.html,
GULIB,GULIB,SIGNIFICANT_POINT,MALAYSIA / WMFC-WBFC FIR,4.2872222222,111.1091666667,CAAM MALAYSIA,2026-05-14,https://aip.caam.gov.my/aip/eAIP/2026-05-14-AIRAC/html/eAIP/WM-ENR-4.4-en-MS.html,
GUMPU,GUMPU,SIGNIFICANT_POINT,MALAYSIA / WMFC-WBFC FIR,1.4998611111,103.7120000000,CAAM MALAYSIA,2026-05-14,https://aip.caam.gov.my/aip/eAIP/2026-05-14-AIRAC/html/eAIP/WM-ENR-4.4-en-MS.html,
GUNBO,GUNBO,SIGNIFICANT_POINT,MALAYSIA / WMFC-WBFC FIR,4.8674444444,102.8323416667,CAAM MALAYSIA,2026-05-14,https://aip.caam.gov.my/aip/eAIP/2026-05-14-AIRAC/html/eAIP/WM-ENR-4.4-en-MS.html,
GUNIP,GUNIP,SIGNIFICANT_POINT,MALAYSIA / WMFC-WBFC FIR,4.4981000000,99.5306000000,CAAM MALAYSIA,2026-05-14,https://aip.caam.gov.my/aip/eAIP/2026-05-14-AIRAC/html/eAIP/WM-ENR-4.4-en-MS.html,
GUNUX,GUNUX,SIGNIFICANT_POINT,MALAYSIA / WMFC-WBFC FIR,5.4770000000,100.2732750000,CAAM MALAYSIA,2026-05-14,https://aip.caam.gov.my/aip/eAIP/2026-05-14-AIRAC/html/eAIP/WM-ENR-4.4-en-MS.html,
GUPAR,GUPAR,SIGNIFICANT_POINT,MALAYSIA / WMFC-WBFC FIR,4.6013000000,102.7006027778,CAAM MALAYSIA,2026-05-14,https://aip.caam.gov.my/aip/eAIP/2026-05-14-AIRAC/html/eAIP/WM-ENR-4.4-en-MS.html,
GUPTA,GUPTA,SIGNIFICANT_POINT,MALAYSIA / WMFC-WBFC FIR,2.1633000000,102.6417000000,CAAM MALAYSIA,2026-05-14,https://aip.caam.gov.my/aip/eAIP/2026-05-14-AIRAC/html/eAIP/WM-ENR-4.4-en-MS.html,
GUVAR,GUVAR,SIGNIFICANT_POINT,MALAYSIA / WMFC-WBFC FIR,5.9334000000,115.0311444444,CAAM MALAYSIA,2026-05-14,https://aip.caam.gov.my/aip/eAIP/2026-05-14-AIRAC/html/eAIP/WM-ENR-4.4-en-MS.html,
HOSBA,HOSBA,SIGNIFICANT_POINT,MALAYSIA / WMFC-WBFC FIR,1.3299722222,104.4048611111,CAAM MALAYSIA,2026-05-14,https://aip.caam.gov.my/aip/eAIP/2026-05-14-AIRAC/html/eAIP/WM-ENR-4.4-en-MS.html,
IBALI,IBALI,SIGNIFICANT_POINT,MALAYSIA / WMFC-WBFC FIR,8.6644000000,95.8575000000,CAAM MALAYSIA,2026-05-14,https://aip.caam.gov.my/aip/eAIP/2026-05-14-AIRAC/html/eAIP/WM-ENR-4.4-en-MS.html,
IBUKU,IBUKU,SIGNIFICANT_POINT,MALAYSIA / WMFC-WBFC FIR,3.5916138889,100.7782972222,CAAM MALAYSIA,2026-05-14,https://aip.caam.gov.my/aip/eAIP/2026-05-14-AIRAC/html/eAIP/WM-ENR-4.4-en-MS.html,
IDEMO,IDEMO,SIGNIFICANT_POINT,MALAYSIA / WMFC-WBFC FIR,2.9087222222,104.1008888889,CAAM MALAYSIA,2026-05-14,https://aip.caam.gov.my/aip/eAIP/2026-05-14-AIRAC/html/eAIP/WM-ENR-4.4-en-MS.html,
IDKUT,IDKUT,SIGNIFICANT_POINT,MALAYSIA / WMFC-WBFC FIR,8.0047000000,95.5047000000,CAAM MALAYSIA,2026-05-14,https://aip.caam.gov.my/aip/eAIP/2026-05-14-AIRAC/html/eAIP/WM-ENR-4.4-en-MS.html,
IDLIX,IDLIX,SIGNIFICANT_POINT,MALAYSIA / WMFC-WBFC FIR,3.3153555556,103.2497194444,CAAM MALAYSIA,2026-05-14,https://aip.caam.gov.my/aip/eAIP/2026-05-14-AIRAC/html/eAIP/WM-ENR-4.4-en-MS.html,
IDSAS,IDSAS,SIGNIFICANT_POINT,MALAYSIA / WMFC-WBFC FIR,2.9369000000,112.2086000000,CAAM MALAYSIA,2026-05-14,https://aip.caam.gov.my/aip/eAIP/2026-05-14-AIRAC/html/eAIP/WM-ENR-4.4-en-MS.html,
IDSEL,IDSEL,SIGNIFICANT_POINT,MALAYSIA / WMFC-WBFC FIR,3.4089000000,103.9289000000,CAAM MALAYSIA,2026-05-14,https://aip.caam.gov.my/aip/eAIP/2026-05-14-AIRAC/html/eAIP/WM-ENR-4.4-en-MS.html,
IDSIK,IDSIK,SIGNIFICANT_POINT,MALAYSIA / WMFC-WBFC FIR,5.8728611111,117.8780805556,CAAM MALAYSIA,2026-05-14,https://aip.caam.gov.my/aip/eAIP/2026-05-14-AIRAC/html/eAIP/WM-ENR-4.4-en-MS.html,
IDSOD,IDSOD,SIGNIFICANT_POINT,MALAYSIA / WMFC-WBFC FIR,5.1901611111,102.9143111111,CAAM MALAYSIA,2026-05-14,https://aip.caam.gov.my/aip/eAIP/2026-05-14-AIRAC/html/eAIP/WM-ENR-4.4-en-MS.html,
IGARI,IGARI,SIGNIFICANT_POINT,MALAYSIA / WMFC-WBFC FIR,6.9366666667,103.5850000000,CAAM MALAYSIA,2026-05-14,https://aip.caam.gov.my/aip/eAIP/2026-05-14-AIRAC/html/eAIP/WM-ENR-4.4-en-MS.html,
IGEBO,IGEBO,SIGNIFICANT_POINT,MALAYSIA / WMFC-WBFC FIR,6.2358000000,95.0808000000,CAAM MALAYSIA,2026-05-14,https://aip.caam.gov.my/aip/eAIP/2026-05-14-AIRAC/html/eAIP/WM-ENR-4.4-en-MS.html,
IGNAD,IGNAD,SIGNIFICANT_POINT,MALAYSIA / WMFC-WBFC FIR,5.8099055556,102.2548944444,CAAM MALAYSIA,2026-05-14,https://aip.caam.gov.my/aip/eAIP/2026-05-14-AIRAC/html/eAIP/WM-ENR-4.4-en-MS.html,
IGOGU,IGOGU,SIGNIFICANT_POINT,MALAYSIA / WMFC-WBFC FIR,7.5169000000,94.4167000000,CAAM MALAYSIA,2026-05-14,https://aip.caam.gov.my/aip/eAIP/2026-05-14-AIRAC/html/eAIP/WM-ENR-4.4-en-MS.html,
IGREX,IGREX,SIGNIFICANT_POINT,MALAYSIA / WMFC-WBFC FIR,9.7244000000,94.4167000000,CAAM MALAYSIA,2026-05-14,https://aip.caam.gov.my/aip/eAIP/2026-05-14-AIRAC/html/eAIP/WM-ENR-4.4-en-MS.html,
IKONO,IKONO,SIGNIFICANT_POINT,MALAYSIA / WMFC-WBFC FIR,5.9965611111,115.7667500000,CAAM MALAYSIA,2026-05-14,https://aip.caam.gov.my/aip/eAIP/2026-05-14-AIRAC/html/eAIP/WM-ENR-4.4-en-MS.html,
IKOPI,IKOPI,SIGNIFICANT_POINT,MALAYSIA / WMFC-WBFC FIR,2.8931000000,113.1675000000,CAAM MALAYSIA,2026-05-14,https://aip.caam.gov.my/aip/eAIP/2026-05-14-AIRAC/html/eAIP/WM-ENR-4.4-en-MS.html,
IKUKO,IKUKO,SIGNIFICANT_POINT,MALAYSIA / WMFC-WBFC FIR,5.7533000000,103.2233000000,CAAM MALAYSIA,2026-05-14,https://aip.caam.gov.my/aip/eAIP/2026-05-14-AIRAC/html/eAIP/WM-ENR-4.4-en-MS.html,
IKUMI,IKUMI,SIGNIFICANT_POINT,MALAYSIA / WMFC-WBFC FIR,5.8938888889,103.9191666667,CAAM MALAYSIA,2026-05-14,https://aip.caam.gov.my/aip/eAIP/2026-05-14-AIRAC/html/eAIP/WM-ENR-4.4-en-MS.html,
INTOT,INTOT,SIGNIFICANT_POINT,MALAYSIA / WMFC-WBFC FIR,3.0069000000,101.1353000000,CAAM MALAYSIA,2026-05-14,https://aip.caam.gov.my/aip/eAIP/2026-05-14-AIRAC/html/eAIP/WM-ENR-4.4-en-MS.html,
IPNAK,IPNAK,SIGNIFICANT_POINT,MALAYSIA / WMFC-WBFC FIR,6.0150000000,101.9678000000,CAAM MALAYSIA,2026-05-14,https://aip.caam.gov.my/aip/eAIP/2026-05-14-AIRAC/html/eAIP/WM-ENR-4.4-en-MS.html,
IRMEN,IRMEN,SIGNIFICANT_POINT,MALAYSIA / WMFC-WBFC FIR,4.6689000000,117.1153000000,CAAM MALAYSIA,2026-05-14,https://aip.caam.gov.my/aip/eAIP/2026-05-14-AIRAC/html/eAIP/WM-ENR-4.4-en-MS.html,
IRMIB,IRMIB,SIGNIFICANT_POINT,MALAYSIA / WMFC-WBFC FIR,2.5988722222,102.2216861111,CAAM MALAYSIA,2026-05-14,https://aip.caam.gov.my/aip/eAIP/2026-05-14-AIRAC/html/eAIP/WM-ENR-4.4-en-MS.html,
ISGOS,ISGOS,SIGNIFICANT_POINT,MALAYSIA / WMFC-WBFC FIR,5.9303583333,118.2371500000,CAAM MALAYSIA,2026-05-14,https://aip.caam.gov.my/aip/eAIP/2026-05-14-AIRAC/html/eAIP/WM-ENR-4.4-en-MS.html,
ISKUD,ISKUD,SIGNIFICANT_POINT,MALAYSIA / WMFC-WBFC FIR,5.6100000000,114.8716666667,CAAM MALAYSIA,2026-05-14,https://aip.caam.gov.my/aip/eAIP/2026-05-14-AIRAC/html/eAIP/WM-ENR-4.4-en-MS.html,
ISTEL,ISTEL,SIGNIFICANT_POINT,MALAYSIA / WMFC-WBFC FIR,6.1067027778,99.9988194444,CAAM MALAYSIA,2026-05-14,https://aip.caam.gov.my/aip/eAIP/2026-05-14-AIRAC/html/eAIP/WM-ENR-4.4-en-MS.html,
ISTUB,ISTUB,SIGNIFICANT_POINT,MALAYSIA / WMFC-WBFC FIR,2.2167083333,112.0389833333,CAAM MALAYSIA,2026-05-14,https://aip.caam.gov.my/aip/eAIP/2026-05-14-AIRAC/html/eAIP/WM-ENR-4.4-en-MS.html,
ITBAR,ITBAR,SIGNIFICANT_POINT,MALAYSIA / WMFC-WBFC FIR,5.6511000000,101.1211000000,CAAM MALAYSIA,2026-05-14,https://aip.caam.gov.my/aip/eAIP/2026-05-14-AIRAC/html/eAIP/WM-ENR-4.4-en-MS.html,
KABDU,KABDU,SIGNIFICANT_POINT,MALAYSIA / WMFC-WBFC FIR,6.5561000000,116.5533000000,CAAM MALAYSIA,2026-05-14,https://aip.caam.gov.my/aip/eAIP/2026-05-14-AIRAC/html/eAIP/WM-ENR-4.4-en-MS.html,
KABOT,KABOT,SIGNIFICANT_POINT,MALAYSIA / WMFC-WBFC FIR,4.9012777778,100.7074583333,CAAM MALAYSIA,2026-05-14,https://aip.caam.gov.my/aip/eAIP/2026-05-14-AIRAC/html/eAIP/WM-ENR-4.4-en-MS.html,
KADAX,KADAX,SIGNIFICANT_POINT,MALAYSIA / WMFC-WBFC FIR,6.2656000000,102.2617000000,CAAM MALAYSIA,2026-05-14,https://aip.caam.gov.my/aip/eAIP/2026-05-14-AIRAC/html/eAIP/WM-ENR-4.4-en-MS.html,
KADMO,KADMO,SIGNIFICANT_POINT,MALAYSIA / WMFC-WBFC FIR,4.2042000000,114.1356000000,CAAM MALAYSIA,2026-05-14,https://aip.caam.gov.my/aip/eAIP/2026-05-14-AIRAC/html/eAIP/WM-ENR-4.4-en-MS.html,
KAKAK,KAKAK,SIGNIFICANT_POINT,MALAYSIA / WMFC-WBFC FIR,3.7693583333,101.2296944444,CAAM MALAYSIA,2026-05-14,https://aip.caam.gov.my/aip/eAIP/2026-05-14-AIRAC/html/eAIP/WM-ENR-4.4-en-MS.html,
KAKDI,KAKDI,SIGNIFICANT_POINT,MALAYSIA / WMFC-WBFC FIR,1.6510027778,110.3086527778,CAAM MALAYSIA,2026-05-14,https://aip.caam.gov.my/aip/eAIP/2026-05-14-AIRAC/html/eAIP/WM-ENR-4.4-en-MS.html,
KAKMO,KAKMO,SIGNIFICANT_POINT,MALAYSIA / WMFC-WBFC FIR,1.6018888889,103.7533305556,CAAM MALAYSIA,2026-05-14,https://aip.caam.gov.my/aip/eAIP/2026-05-14-AIRAC/html/eAIP/WM-ENR-4.4-en-MS.html,
KALIL,KALIL,SIGNIFICANT_POINT,MALAYSIA / WMFC-WBFC FIR,2.4608333333,102.3300000000,CAAM MALAYSIA,2026-05-14,https://aip.caam.gov.my/aip/eAIP/2026-05-14-AIRAC/html/eAIP/WM-ENR-4.4-en-MS.html,
KAMIN,KAMIN,SIGNIFICANT_POINT,MALAYSIA / WMFC-WBFC FIR,2.5783000000,108.9267000000,CAAM MALAYSIA,2026-05-14,https://aip.caam.gov.my/aip/eAIP/2026-05-14-AIRAC/html/eAIP/WM-ENR-4.4-en-MS.html,
KAMUM,KAMUM,SIGNIFICANT_POINT,MALAYSIA / WMFC-WBFC FIR,1.5597000000,111.3208000000,CAAM MALAYSIA,2026-05-14,https://aip.caam.gov.my/aip/eAIP/2026-05-14-AIRAC/html/eAIP/WM-ENR-4.4-en-MS.html,
KANRU,KANRU,SIGNIFICANT_POINT,MALAYSIA / WMFC-WBFC FIR,5.6677611111,100.3094611111,CAAM MALAYSIA,2026-05-14,https://aip.caam.gov.my/aip/eAIP/2026-05-14-AIRAC/html/eAIP/WM-ENR-4.4-en-MS.html,
KAPKO,KAPKO,SIGNIFICANT_POINT,MALAYSIA / WMFC-WBFC FIR,5.9574611111,99.9359750000,CAAM MALAYSIA,2026-05-14,https://aip.caam.gov.my/aip/eAIP/2026-05-14-AIRAC/html/eAIP/WM-ENR-4.4-en-MS.html,
KARMI,KARMI,SIGNIFICANT_POINT,MALAYSIA / WMFC-WBFC FIR,6.4944000000,100.5225000000,CAAM MALAYSIA,2026-05-14,https://aip.caam.gov.my/aip/eAIP/2026-05-14-AIRAC/html/eAIP/WM-ENR-4.4-en-MS.html,
KASRI,KASRI,SIGNIFICANT_POINT,MALAYSIA / WMFC-WBFC FIR,2.0547000000,102.8869000000,CAAM MALAYSIA,2026-05-14,https://aip.caam.gov.my/aip/eAIP/2026-05-14-AIRAC/html/eAIP/WM-ENR-4.4-en-MS.html,
KETOD,KETOD,SIGNIFICANT_POINT,MALAYSIA / WMFC-WBFC FIR,3.1783000000,104.1617000000,CAAM MALAYSIA,2026-05-14,https://aip.caam.gov.my/aip/eAIP/2026-05-14-AIRAC/html/eAIP/WM-ENR-4.4-en-MS.html,
KETUN,KETUN,SIGNIFICANT_POINT,MALAYSIA / WMFC-WBFC FIR,4.9458000000,115.1103000000,CAAM MALAYSIA,2026-05-14,https://aip.caam.gov.my/aip/eAIP/2026-05-14-AIRAC/html/eAIP/WM-ENR-4.4-en-MS.html,
KEVOG,KEVOG,SIGNIFICANT_POINT,MALAYSIA / WMFC-WBFC FIR,2.9628000000,101.5269000000,CAAM MALAYSIA,2026-05-14,https://aip.caam.gov.my/aip/eAIP/2026-05-14-AIRAC/html/eAIP/WM-ENR-4.4-en-MS.html,
KIBOL,KIBOL,SIGNIFICANT_POINT,MALAYSIA / WMFC-WBFC FIR,2.8733000000,104.4717000000,CAAM MALAYSIA,2026-05-14,https://aip.caam.gov.my/aip/eAIP/2026-05-14-AIRAC/html/eAIP/WM-ENR-4.4-en-MS.html,
KIGIS,KIGIS,SIGNIFICANT_POINT,MALAYSIA / WMFC-WBFC FIR,6.0994583333,116.2652555556,CAAM MALAYSIA,2026-05-14,https://aip.caam.gov.my/aip/eAIP/2026-05-14-AIRAC/html/eAIP/WM-ENR-4.4-en-MS.html,
KIKAL,KIKAL,SIGNIFICANT_POINT,MALAYSIA / WMFC-WBFC FIR,3.0353000000,101.5297000000,CAAM MALAYSIA,2026-05-14,https://aip.caam.gov.my/aip/eAIP/2026-05-14-AIRAC/html/eAIP/WM-ENR-4.4-en-MS.html,
KIKOX,KIKOX,SIGNIFICANT_POINT,MALAYSIA / WMFC-WBFC FIR,3.0467000000,101.8406000000,CAAM MALAYSIA,2026-05-14,https://aip.caam.gov.my/aip/eAIP/2026-05-14-AIRAC/html/eAIP/WM-ENR-4.4-en-MS.html,
KILOB,KILOB,SIGNIFICANT_POINT,MALAYSIA / WMFC-WBFC FIR,5.5646777778,115.7200722222,CAAM MALAYSIA,2026-05-14,https://aip.caam.gov.my/aip/eAIP/2026-05-14-AIRAC/html/eAIP/WM-ENR-4.4-en-MS.html,
KILOT,KILOT,SIGNIFICANT_POINT,MALAYSIA / WMFC-WBFC FIR,3.0380555556,104.6730555556,CAAM MALAYSIA,2026-05-14,https://aip.caam.gov.my/aip/eAIP/2026-05-14-AIRAC/html/eAIP/WM-ENR-4.4-en-MS.html,
KILUX,KILUX,SIGNIFICANT_POINT,MALAYSIA / WMFC-WBFC FIR,4.5646888889,103.6109194444,CAAM MALAYSIA,2026-05-14,https://aip.caam.gov.my/aip/eAIP/2026-05-14-AIRAC/html/eAIP/WM-ENR-4.4-en-MS.html,
KIMAT,KIMAT,SIGNIFICANT_POINT,MALAYSIA / WMFC-WBFC FIR,3.1622000000,102.3506000000,CAAM MALAYSIA,2026-05-14,https://aip.caam.gov.my/aip/eAIP/2026-05-14-AIRAC/html/eAIP/WM-ENR-4.4-en-MS.html,
KTTMA,KTTMA,SIGNIFICANT_POINT,MALAYSIA / WMFC-WBFC FIR,3.5627777778,102.7625000000,CAAM MALAYSIA,2026-05-14,https://aip.caam.gov.my/aip/eAIP/2026-05-14-AIRAC/html/eAIP/WM-ENR-4.4-en-MS.html,
KUDAT,KUDAT,SIGNIFICANT_POINT,MALAYSIA / WMFC-WBFC FIR,6.9083333333,116.8333333333,CAAM MALAYSIA,2026-05-14,https://aip.caam.gov.my/aip/eAIP/2026-05-14-AIRAC/html/eAIP/WM-ENR-4.4-en-MS.html,
LANEK,LANEK,SIGNIFICANT_POINT,MALAYSIA / WMFC-WBFC FIR,6.1302750000,116.1326805556,CAAM MALAYSIA,2026-05-14,https://aip.caam.gov.my/aip/eAIP/2026-05-14-AIRAC/html/eAIP/WM-ENR-4.4-en-MS.html,
LAPIK,LAPIK,SIGNIFICANT_POINT,MALAYSIA / WMFC-WBFC FIR,3.3594472222,113.0483166667,CAAM MALAYSIA,2026-05-14,https://aip.caam.gov.my/aip/eAIP/2026-05-14-AIRAC/html/eAIP/WM-ENR-4.4-en-MS.html,
LAPOL,LAPOL,SIGNIFICANT_POINT,MALAYSIA / WMFC-WBFC FIR,1.4394000000,103.7431000000,CAAM MALAYSIA,2026-05-14,https://aip.caam.gov.my/aip/eAIP/2026-05-14-AIRAC/html/eAIP/WM-ENR-4.4-en-MS.html,
LASAR,LASAR,SIGNIFICANT_POINT,MALAYSIA / WMFC-WBFC FIR,5.8923611111,118.0052083333,CAAM MALAYSIA,2026-05-14,https://aip.caam.gov.my/aip/eAIP/2026-05-14-AIRAC/html/eAIP/WM-ENR-4.4-en-MS.html,
LASOB,LASOB,SIGNIFICANT_POINT,MALAYSIA / WMFC-WBFC FIR,5.2050750000,102.6975555556,CAAM MALAYSIA,2026-05-14,https://aip.caam.gov.my/aip/eAIP/2026-05-14-AIRAC/html/eAIP/WM-ENR-4.4-en-MS.html,
LATER,LATER,SIGNIFICANT_POINT,MALAYSIA / WMFC-WBFC FIR,4.9474833333,102.5625944444,CAAM MALAYSIA,2026-05-14,https://aip.caam.gov.my/aip/eAIP/2026-05-14-AIRAC/html/eAIP/WM-ENR-4.4-en-MS.html,
LATIB,LATIB,SIGNIFICANT_POINT,MALAYSIA / WMFC-WBFC FIR,6.2377833333,100.4423583333,CAAM MALAYSIA,2026-05-14,https://aip.caam.gov.my/aip/eAIP/2026-05-14-AIRAC/html/eAIP/WM-ENR-4.4-en-MS.html,
LATIL,LATIL,SIGNIFICANT_POINT,MALAYSIA / WMFC-WBFC FIR,4.8944000000,116.4469000000,CAAM MALAYSIA,2026-05-14,https://aip.caam.gov.my/aip/eAIP/2026-05-14-AIRAC/html/eAIP/WM-ENR-4.4-en-MS.html,
LAXAP,LAXAP,SIGNIFICANT_POINT,MALAYSIA / WMFC-WBFC FIR,3.3556888889,112.8842000000,CAAM MALAYSIA,2026-05-14,https://aip.caam.gov.my/aip/eAIP/2026-05-14-AIRAC/html/eAIP/WM-ENR-4.4-en-MS.html,
LAXUD,LAXUD,SIGNIFICANT_POINT,MALAYSIA / WMFC-WBFC FIR,1.9044500000,109.7626361111,CAAM MALAYSIA,2026-05-14,https://aip.caam.gov.my/aip/eAIP/2026-05-14-AIRAC/html/eAIP/WM-ENR-4.4-en-MS.html,
LEDAM,LEDAM,SIGNIFICANT_POINT,MALAYSIA / WMFC-WBFC FIR,4.8636000000,113.7850000000,CAAM MALAYSIA,2026-05-14,https://aip.caam.gov.my/aip/eAIP/2026-05-14-AIRAC/html/eAIP/WM-ENR-4.4-en-MS.html,
LEKIR,LEKIR,SIGNIFICANT_POINT,MALAYSIA / WMFC-WBFC FIR,7.2756000000,96.8786000000,CAAM MALAYSIA,2026-05-14,https://aip.caam.gov.my/aip/eAIP/2026-05-14-AIRAC/html/eAIP/WM-ENR-4.4-en-MS.html,
LELIB,LELIB,SIGNIFICANT_POINT,MALAYSIA / WMFC-WBFC FIR,1.4581000000,103.4139000000,CAAM MALAYSIA,2026-05-14,https://aip.caam.gov.my/aip/eAIP/2026-05-14-AIRAC/html/eAIP/WM-ENR-4.4-en-MS.html,
LENDA,LENDA,SIGNIFICANT_POINT,MALAYSIA / WMFC-WBFC FIR,2.6900000000,104.6583000000,CAAM MALAYSIA,2026-05-14,https://aip.caam.gov.my/aip/eAIP/2026-05-14-AIRAC/html/eAIP/WM-ENR-4.4-en-MS.html,
LENTU,LENTU,SIGNIFICANT_POINT,MALAYSIA / WMFC-WBFC FIR,2.4975611111,112.6209611111,CAAM MALAYSIA,2026-05-14,https://aip.caam.gov.my/aip/eAIP/2026-05-14-AIRAC/html/eAIP/WM-ENR-4.4-en-MS.html,
LENVI,LENVI,SIGNIFICANT_POINT,MALAYSIA / WMFC-WBFC FIR,2.8904638889,112.9908222222,CAAM MALAYSIA,2026-05-14,https://aip.caam.gov.my/aip/eAIP/2026-05-14-AIRAC/html/eAIP/WM-ENR-4.4-en-MS.html,
LEPNA,LEPNA,SIGNIFICANT_POINT,MALAYSIA / WMFC-WBFC FIR,6.1828083333,116.1505722222,CAAM MALAYSIA,2026-05-14,https://aip.caam.gov.my/aip/eAIP/2026-05-14-AIRAC/html/eAIP/WM-ENR-4.4-en-MS.html,
LERKA,LERKA,SIGNIFICANT_POINT,MALAYSIA / WMFC-WBFC FIR,5.1577416667,102.4787027778,CAAM MALAYSIA,2026-05-14,https://aip.caam.gov.my/aip/eAIP/2026-05-14-AIRAC/html/eAIP/WM-ENR-4.4-en-MS.html,
LEVRO,LEVRO,SIGNIFICANT_POINT,MALAYSIA / WMFC-WBFC FIR,6.0250722222,100.5246361111,CAAM MALAYSIA,2026-05-14,https://aip.caam.gov.my/aip/eAIP/2026-05-14-AIRAC/html/eAIP/WM-ENR-4.4-en-MS.html,
LIDGO,LIDGO,SIGNIFICANT_POINT,MALAYSIA / WMFC-WBFC FIR,6.4743000000,99.4327833333,CAAM MALAYSIA,2026-05-14,https://aip.caam.gov.my/aip/eAIP/2026-05-14-AIRAC/html/eAIP/WM-ENR-4.4-en-MS.html,
LIGDU,LIGDU,SIGNIFICANT_POINT,MALAYSIA / WMFC-WBFC FIR,5.8500000000,117.8831000000,CAAM MALAYSIA,2026-05-14,https://aip.caam.gov.my/aip/eAIP/2026-05-14-AIRAC/html/eAIP/WM-ENR-4.4-en-MS.html,
LIPRO,LIPRO,SIGNIFICANT_POINT,MALAYSIA / WMFC-WBFC FIR,2.8950000000,105.1911111111,CAAM MALAYSIA,2026-05-14,https://aip.caam.gov.my/aip/eAIP/2026-05-14-AIRAC/html/eAIP/WM-ENR-4.4-en-MS.html,
LOSVI,LOSVI,SIGNIFICANT_POINT,MALAYSIA / WMFC-WBFC FIR,6.2153000000,99.5062833333,CAAM MALAYSIA,2026-05-14,https://aip.caam.gov.my/aip/eAIP/2026-05-14-AIRAC/html/eAIP/WM-ENR-4.4-en-MS.html,
LOTGA,LOTGA,SIGNIFICANT_POINT,MALAYSIA / WMFC-WBFC FIR,3.4400000000,113.5972222222,CAAM MALAYSIA,2026-05-14,https://aip.caam.gov.my/aip/eAIP/2026-05-14-AIRAC/html/eAIP/WM-ENR-4.4-en-MS.html,
LUGTA,LUGTA,SIGNIFICANT_POINT,MALAYSIA / WMFC-WBFC FIR,6.0805833333,99.6971833333,CAAM MALAYSIA,2026-05-14,https://aip.caam.gov.my/aip/eAIP/2026-05-14-AIRAC/html/eAIP/WM-ENR-4.4-en-MS.html,
LUKVA,LUKVA,SIGNIFICANT_POINT,MALAYSIA / WMFC-WBFC FIR,5.5448500000,115.7599777778,CAAM MALAYSIA,2026-05-14,https://aip.caam.gov.my/aip/eAIP/2026-05-14-AIRAC/html/eAIP/WM-ENR-4.4-en-MS.html,
LULPO,LULPO,SIGNIFICANT_POINT,MALAYSIA / WMFC-WBFC FIR,5.7573527778,115.8478805556,CAAM MALAYSIA,2026-05-14,https://aip.caam.gov.my/aip/eAIP/2026-05-14-AIRAC/html/eAIP/WM-ENR-4.4-en-MS.html,
LUNTU,LUNTU,SIGNIFICANT_POINT,MALAYSIA / WMFC-WBFC FIR,5.6933000000,100.3222000000,CAAM MALAYSIA,2026-05-14,https://aip.caam.gov.my/aip/eAIP/2026-05-14-AIRAC/html/eAIP/WM-ENR-4.4-en-MS.html,
LUSMO,LUSMO,SIGNIFICANT_POINT,MALAYSIA / WMFC-WBFC FIR,3.5613888889,106.9261111111,CAAM MALAYSIA,2026-05-14,https://aip.caam.gov.my/aip/eAIP/2026-05-14-AIRAC/html/eAIP/WM-ENR-4.4-en-MS.html,
LUTMO,LUTMO,SIGNIFICANT_POINT,MALAYSIA / WMFC-WBFC FIR,1.7345916667,110.8701333333,CAAM MALAYSIA,2026-05-14,https://aip.caam.gov.my/aip/eAIP/2026-05-14-AIRAC/html/eAIP/WM-ENR-4.4-en-MS.html,
LUTUD,LUTUD,SIGNIFICANT_POINT,MALAYSIA / WMFC-WBFC FIR,5.8961000000,117.8761000000,CAAM MALAYSIA,2026-05-14,https://aip.caam.gov.my/aip/eAIP/2026-05-14-AIRAC/html/eAIP/WM-ENR-4.4-en-MS.html,
LUVNI,LUVNI,SIGNIFICANT_POINT,MALAYSIA / WMFC-WBFC FIR,3.0771027778,101.4743944444,CAAM MALAYSIA,2026-05-14,https://aip.caam.gov.my/aip/eAIP/2026-05-14-AIRAC/html/eAIP/WM-ENR-4.4-en-MS.html,
MABAL,MABAL,SIGNIFICANT_POINT,MALAYSIA / WMFC-WBFC FIR,3.4738888889,105.2100000000,CAAM MALAYSIA,2026-05-14,https://aip.caam.gov.my/aip/eAIP/2026-05-14-AIRAC/html/eAIP/WM-ENR-4.4-en-MS.html,
MADUM,MADUM,SIGNIFICANT_POINT,MALAYSIA / WMFC-WBFC FIR,4.9692000000,99.9706000000,CAAM MALAYSIA,2026-05-14,https://aip.caam.gov.my/aip/eAIP/2026-05-14-AIRAC/html/eAIP/WM-ENR-4.4-en-MS.html,
MAKNA,MAKNA,SIGNIFICANT_POINT,MALAYSIA / WMFC-WBFC FIR,2.5372222222,101.8291666667,CAAM MALAYSIA,2026-05-14,https://aip.caam.gov.my/aip/eAIP/2026-05-14-AIRAC/html/eAIP/WM-ENR-4.4-en-MS.html,
MAKSU,MAKSU,SIGNIFICANT_POINT,MALAYSIA / WMFC-WBFC FIR,5.4958111111,116.5679500000,CAAM MALAYSIA,2026-05-14,https://aip.caam.gov.my/aip/eAIP/2026-05-14-AIRAC/html/eAIP/WM-ENR-4.4-en-MS.html,
MAMOK,MAMOK,SIGNIFICANT_POINT,MALAYSIA / WMFC-WBFC FIR,4.0850000000,115.7866666667,CAAM MALAYSIA,2026-05-14,https://aip.caam.gov.my/aip/eAIP/2026-05-14-AIRAC/html/eAIP/WM-ENR-4.4-en-MS.html,
MAMVA,MAMVA,SIGNIFICANT_POINT,MALAYSIA / WMFC-WBFC FIR,6.0974194444,117.2972944444,CAAM MALAYSIA,2026-05-14,https://aip.caam.gov.my/aip/eAIP/2026-05-14-AIRAC/html/eAIP/WM-ENR-4.4-en-MS.html,
MANER,MANER,SIGNIFICANT_POINT,MALAYSIA / WMFC-WBFC FIR,5.5123194444,102.4791611111,CAAM MALAYSIA,2026-05-14,https://aip.caam.gov.my/aip/eAIP/2026-05-14-AIRAC/html/eAIP/WM-ENR-4.4-en-MS.html,
MANIM,MANIM,SIGNIFICANT_POINT,MALAYSIA / WMFC-WBFC FIR,3.2417000000,104.0983000000,CAAM MALAYSIA,2026-05-14,https://aip.caam.gov.my/aip/eAIP/2026-05-14-AIRAC/html/eAIP/WM-ENR-4.4-en-MS.html,
MAPSO,MAPSO,SIGNIFICANT_POINT,MALAYSIA / WMFC-WBFC FIR,8.0583000000,97.2156000000,CAAM MALAYSIA,2026-05-14,https://aip.caam.gov.my/aip/eAIP/2026-05-14-AIRAC/html/eAIP/WM-ENR-4.4-en-MS.html,
MARBU,MARBU,SIGNIFICANT_POINT,MALAYSIA / WMFC-WBFC FIR,3.0473083333,112.8559611111,CAAM MALAYSIA,2026-05-14,https://aip.caam.gov.my/aip/eAIP/2026-05-14-AIRAC/html/eAIP/WM-ENR-4.4-en-MS.html,
MARNU,MARNU,SIGNIFICANT_POINT,MALAYSIA / WMFC-WBFC FIR,1.6494388889,103.5789388889,CAAM MALAYSIA,2026-05-14,https://aip.caam.gov.my/aip/eAIP/2026-05-14-AIRAC/html/eAIP/WM-ENR-4.4-en-MS.html,
MASBO,MASBO,SIGNIFICANT_POINT,MALAYSIA / WMFC-WBFC FIR,2.0466388889,102.8807500000,CAAM MALAYSIA,2026-05-14,https://aip.caam.gov.my/aip/eAIP/2026-05-14-AIRAC/html/eAIP/WM-ENR-4.4-en-MS.html,
MASNI,MASNI,SIGNIFICANT_POINT,MALAYSIA / WMFC-WBFC FIR,1.3436000000,103.6294000000,CAAM MALAYSIA,2026-05-14,https://aip.caam.gov.my/aip/eAIP/2026-05-14-AIRAC/html/eAIP/WM-ENR-4.4-en-MS.html,
MATSU,MATSU,SIGNIFICANT_POINT,MALAYSIA / WMFC-WBFC FIR,3.4372000000,102.1039000000,CAAM MALAYSIA,2026-05-14,https://aip.caam.gov.my/aip/eAIP/2026-05-14-AIRAC/html/eAIP/WM-ENR-4.4-en-MS.html,
MEKAR,MEKAR,SIGNIFICANT_POINT,MALAYSIA / WMFC-WBFC FIR,6.5039000000,96.4911000000,CAAM MALAYSIA,2026-05-14,https://aip.caam.gov.my/aip/eAIP/2026-05-14-AIRAC/html/eAIP/WM-ENR-4.4-en-MS.html,
MEVUD,MEVUD,SIGNIFICANT_POINT,MALAYSIA / WMFC-WBFC FIR,5.2926944444,100.7116000000,CAAM MALAYSIA,2026-05-14,https://aip.caam.gov.my/aip/eAIP/2026-05-14-AIRAC/html/eAIP/WM-ENR-4.4-en-MS.html,
MIDEK,MIDEK,SIGNIFICANT_POINT,MALAYSIA / WMFC-WBFC FIR,2.1204722222,111.9690611111,CAAM MALAYSIA,2026-05-14,https://aip.caam.gov.my/aip/eAIP/2026-05-14-AIRAC/html/eAIP/WM-ENR-4.4-en-MS.html,
MINAT,MINAT,SIGNIFICANT_POINT,MALAYSIA / WMFC-WBFC FIR,8.7717000000,96.0253000000,CAAM MALAYSIA,2026-05-14,https://aip.caam.gov.my/aip/eAIP/2026-05-14-AIRAC/html/eAIP/WM-ENR-4.4-en-MS.html,
MINOP,MINOP,SIGNIFICANT_POINT,MALAYSIA / WMFC-WBFC FIR,4.8640861111,100.7513972222,CAAM MALAYSIA,2026-05-14,https://aip.caam.gov.my/aip/eAIP/2026-05-14-AIRAC/html/eAIP/WM-ENR-4.4-en-MS.html,
MITOS,MITOS,SIGNIFICANT_POINT,MALAYSIA / WMFC-WBFC FIR,1.9750000000,102.1028000000,CAAM MALAYSIA,2026-05-14,https://aip.caam.gov.my/aip/eAIP/2026-05-14-AIRAC/html/eAIP/WM-ENR-4.4-en-MS.html,
MOVRA,MOVRA,SIGNIFICANT_POINT,MALAYSIA / WMFC-WBFC FIR,5.1014166667,102.6435972222,CAAM MALAYSIA,2026-05-14,https://aip.caam.gov.my/aip/eAIP/2026-05-14-AIRAC/html/eAIP/WM-ENR-4.4-en-MS.html,
MUBIS,MUBIS,SIGNIFICANT_POINT,MALAYSIA / WMFC-WBFC FIR,3.3172000000,112.9761000000,CAAM MALAYSIA,2026-05-14,https://aip.caam.gov.my/aip/eAIP/2026-05-14-AIRAC/html/eAIP/WM-ENR-4.4-en-MS.html,
MUKAS,MUKAS,SIGNIFICANT_POINT,MALAYSIA / WMFC-WBFC FIR,1.6138888889,110.2943833333,CAAM MALAYSIA,2026-05-14,https://aip.caam.gov.my/aip/eAIP/2026-05-14-AIRAC/html/eAIP/WM-ENR-4.4-en-MS.html,
MUKIM,MUKIM,SIGNIFICANT_POINT,MALAYSIA / WMFC-WBFC FIR,1.5460805556,103.6344194444,CAAM MALAYSIA,2026-05-14,https://aip.caam.gov.my/aip/eAIP/2026-05-14-AIRAC/html/eAIP/WM-ENR-4.4-en-MS.html,
MULOT,MULOT,SIGNIFICANT_POINT,MALAYSIA / WMFC-WBFC FIR,6.1617000000,99.9767000000,CAAM MALAYSIA,2026-05-14,https://aip.caam.gov.my/aip/eAIP/2026-05-14-AIRAC/html/eAIP/WM-ENR-4.4-en-MS.html,
NILAM,NILAM,SIGNIFICANT_POINT,MALAYSIA / WMFC-WBFC FIR,6.7564000000,95.9764000000,CAAM MALAYSIA,2026-05-14,https://aip.caam.gov.my/aip/eAIP/2026-05-14-AIRAC/html/eAIP/WM-ENR-4.4-en-MS.html,
NIMIX,NIMIX,SIGNIFICANT_POINT,MALAYSIA / WMFC-WBFC FIR,1.4150000000,107.9900000000,CAAM MALAYSIA,2026-05-14,https://aip.caam.gov.my/aip/eAIP/2026-05-14-AIRAC/html/eAIP/WM-ENR-4.4-en-MS.html,
NIREN,NIREN,SIGNIFICANT_POINT,MALAYSIA / WMFC-WBFC FIR,3.5010305556,100.5485944444,CAAM MALAYSIA,2026-05-14,https://aip.caam.gov.my/aip/eAIP/2026-05-14-AIRAC/html/eAIP/WM-ENR-4.4-en-MS.html,
NITIS,NITIS,SIGNIFICANT_POINT,MALAYSIA / WMFC-WBFC FIR,4.9846694444,100.9167000000,CAAM MALAYSIA,2026-05-14,https://aip.caam.gov.my/aip/eAIP/2026-05-14-AIRAC/html/eAIP/WM-ENR-4.4-en-MS.html,
NIVAM,NIVAM,SIGNIFICANT_POINT,MALAYSIA / WMFC-WBFC FIR,2.6139000000,104.0411000000,CAAM MALAYSIA,2026-05-14,https://aip.caam.gov.my/aip/eAIP/2026-05-14-AIRAC/html/eAIP/WM-ENR-4.4-en-MS.html,
NIVEG,NIVEG,SIGNIFICANT_POINT,MALAYSIA / WMFC-WBFC FIR,5.1128111111,103.7641694444,CAAM MALAYSIA,2026-05-14,https://aip.caam.gov.my/aip/eAIP/2026-05-14-AIRAC/html/eAIP/WM-ENR-4.4-en-MS.html,
NIXUR,NIXUR,SIGNIFICANT_POINT,MALAYSIA / WMFC-WBFC FIR,4.3922305556,113.6249972222,CAAM MALAYSIA,2026-05-14,https://aip.caam.gov.my/aip/eAIP/2026-05-14-AIRAC/html/eAIP/WM-ENR-4.4-en-MS.html,
NODIN,NODIN,SIGNIFICANT_POINT,MALAYSIA / WMFC-WBFC FIR,8.1833333333,116.1950000000,CAAM MALAYSIA,2026-05-14,https://aip.caam.gov.my/aip/eAIP/2026-05-14-AIRAC/html/eAIP/WM-ENR-4.4-en-MS.html,
NOGAG,NOGAG,SIGNIFICANT_POINT,MALAYSIA / WMFC-WBFC FIR,5.6272527778,100.4014027778,CAAM MALAYSIA,2026-05-14,https://aip.caam.gov.my/aip/eAIP/2026-05-14-AIRAC/html/eAIP/WM-ENR-4.4-en-MS.html,
NOKER,NOKER,SIGNIFICANT_POINT,MALAYSIA / WMFC-WBFC FIR,3.3374527778,113.3876583333,CAAM MALAYSIA,2026-05-14,https://aip.caam.gov.my/aip/eAIP/2026-05-14-AIRAC/html/eAIP/WM-ENR-4.4-en-MS.html,
NOKOP,NOKOP,SIGNIFICANT_POINT,MALAYSIA / WMFC-WBFC FIR,2.8756000000,101.6092000000,CAAM MALAYSIA,2026-05-14,https://aip.caam.gov.my/aip/eAIP/2026-05-14-AIRAC/html/eAIP/WM-ENR-4.4-en-MS.html,
NOLUS,NOLUS,SIGNIFICANT_POINT,MALAYSIA / WMFC-WBFC FIR,2.5813444444,112.0203277778,CAAM MALAYSIA,2026-05-14,https://aip.caam.gov.my/aip/eAIP/2026-05-14-AIRAC/html/eAIP/WM-ENR-4.4-en-MS.html,
NOMIN,NOMIN,SIGNIFICANT_POINT,MALAYSIA / WMFC-WBFC FIR,5.6200000000,116.4000000000,CAAM MALAYSIA,2026-05-14,https://aip.caam.gov.my/aip/eAIP/2026-05-14-AIRAC/html/eAIP/WM-ENR-4.4-en-MS.html,
NOMUD,NOMUD,SIGNIFICANT_POINT,MALAYSIA / WMFC-WBFC FIR,5.2763750000,102.7649416667,CAAM MALAYSIA,2026-05-14,https://aip.caam.gov.my/aip/eAIP/2026-05-14-AIRAC/html/eAIP/WM-ENR-4.4-en-MS.html,
NOPEK,NOPEK,SIGNIFICANT_POINT,MALAYSIA / WMFC-WBFC FIR,6.6039000000,94.4167000000,CAAM MALAYSIA,2026-05-14,https://aip.caam.gov.my/aip/eAIP/2026-05-14-AIRAC/html/eAIP/WM-ENR-4.4-en-MS.html,
NOVTI,NOVTI,SIGNIFICANT_POINT,MALAYSIA / WMFC-WBFC FIR,2.4294000000,110.2644000000,CAAM MALAYSIA,2026-05-14,https://aip.caam.gov.my/aip/eAIP/2026-05-14-AIRAC/html/eAIP/WM-ENR-4.4-en-MS.html,
NUFFA,NUFFA,SIGNIFICANT_POINT,MALAYSIA / WMFC-WBFC FIR,2.8948333333,103.6416111111,CAAM MALAYSIA,2026-05-14,https://aip.caam.gov.my/aip/eAIP/2026-05-14-AIRAC/html/eAIP/WM-ENR-4.4-en-MS.html,
NUKLI,NUKLI,SIGNIFICANT_POINT,MALAYSIA / WMFC-WBFC FIR,2.9189055556,101.6077444444,CAAM MALAYSIA,2026-05-14,https://aip.caam.gov.my/aip/eAIP/2026-05-14-AIRAC/html/eAIP/WM-ENR-4.4-en-MS.html,
NULTO,NULTO,SIGNIFICANT_POINT,MALAYSIA / WMFC-WBFC FIR,6.1984333333,116.1647888889,CAAM MALAYSIA,2026-05-14,https://aip.caam.gov.my/aip/eAIP/2026-05-14-AIRAC/html/eAIP/WM-ENR-4.4-en-MS.html,
NUSKO,NUSKO,SIGNIFICANT_POINT,MALAYSIA / WMFC-WBFC FIR,5.6671888889,115.9378888889,CAAM MALAYSIA,2026-05-14,https://aip.caam.gov.my/aip/eAIP/2026-05-14-AIRAC/html/eAIP/WM-ENR-4.4-en-MS.html,
OBDAB,OBDAB,SIGNIFICANT_POINT,MALAYSIA / WMFC-WBFC FIR,3.1981000000,104.0939000000,CAAM MALAYSIA,2026-05-14,https://aip.caam.gov.my/aip/eAIP/2026-05-14-AIRAC/html/eAIP/WM-ENR-4.4-en-MS.html,
OBKEG,OBKEG,SIGNIFICANT_POINT,MALAYSIA / WMFC-WBFC FIR,3.1936527778,112.9116166667,CAAM MALAYSIA,2026-05-14,https://aip.caam.gov.my/aip/eAIP/2026-05-14-AIRAC/html/eAIP/WM-ENR-4.4-en-MS.html,
ODONO,ODONO,SIGNIFICANT_POINT,MALAYSIA / WMFC-WBFC FIR,6.6038388889,103.0248361111,CAAM MALAYSIA,2026-05-14,https://aip.caam.gov.my/aip/eAIP/2026-05-14-AIRAC/html/eAIP/WM-ENR-4.4-en-MS.html,
OGAKO,OGAKO,SIGNIFICANT_POINT,MALAYSIA / WMFC-WBFC FIR,1.9806000000,102.4356000000,CAAM MALAYSIA,2026-05-14,https://aip.caam.gov.my/aip/eAIP/2026-05-14-AIRAC/html/eAIP/WM-ENR-4.4-en-MS.html,
OGANA,OGANA,SIGNIFICANT_POINT,MALAYSIA / WMFC-WBFC FIR,3.3302777778,101.6472222222,CAAM MALAYSIA,2026-05-14,https://aip.caam.gov.my/aip/eAIP/2026-05-14-AIRAC/html/eAIP/WM-ENR-4.4-en-MS.html,
OGOTO,OGOTO,SIGNIFICANT_POINT,MALAYSIA / WMFC-WBFC FIR,3.3946111111,113.0319000000,CAAM MALAYSIA,2026-05-14,https://aip.caam.gov.my/aip/eAIP/2026-05-14-AIRAC/html/eAIP/WM-ENR-4.4-en-MS.html,
OGUKA,OGUKA,SIGNIFICANT_POINT,MALAYSIA / WMFC-WBFC FIR,4.4033305556,103.4646694444,CAAM MALAYSIA,2026-05-14,https://aip.caam.gov.my/aip/eAIP/2026-05-14-AIRAC/html/eAIP/WM-ENR-4.4-en-MS.html,
OKADA,OKADA,SIGNIFICANT_POINT,MALAYSIA / WMFC-WBFC FIR,1.5666666667,112.6333333333,CAAM MALAYSIA,2026-05-14,https://aip.caam.gov.my/aip/eAIP/2026-05-14-AIRAC/html/eAIP/WM-ENR-4.4-en-MS.html,
OKIKI,OKIKI,SIGNIFICANT_POINT,MALAYSIA / WMFC-WBFC FIR,5.0784277778,102.8859222222,CAAM MALAYSIA,2026-05-14,https://aip.caam.gov.my/aip/eAIP/2026-05-14-AIRAC/html/eAIP/WM-ENR-4.4-en-MS.html,
OKTOG,OKTOG,SIGNIFICANT_POINT,MALAYSIA / WMFC-WBFC FIR,2.0636000000,109.5836000000,CAAM MALAYSIA,2026-05-14,https://aip.caam.gov.my/aip/eAIP/2026-05-14-AIRAC/html/eAIP/WM-ENR-4.4-en-MS.html,
OKVUG,OKVUG,SIGNIFICANT_POINT,MALAYSIA / WMFC-WBFC FIR,6.2831527778,116.0709972222,CAAM MALAYSIA,2026-05-14,https://aip.caam.gov.my/aip/eAIP/2026-05-14-AIRAC/html/eAIP/WM-ENR-4.4-en-MS.html,
OLKIT,OLKIT,SIGNIFICANT_POINT,MALAYSIA / WMFC-WBFC FIR,4.8367000000,111.8550000000,CAAM MALAYSIA,2026-05-14,https://aip.caam.gov.my/aip/eAIP/2026-05-14-AIRAC/html/eAIP/WM-ENR-4.4-en-MS.html,
OLPUD,OLPUD,SIGNIFICANT_POINT,MALAYSIA / WMFC-WBFC FIR,1.6122583333,103.7820111111,CAAM MALAYSIA,2026-05-14,https://aip.caam.gov.my/aip/eAIP/2026-05-14-AIRAC/html/eAIP/WM-ENR-4.4-en-MS.html,
OLSAP,OLSAP,SIGNIFICANT_POINT,MALAYSIA / WMFC-WBFC FIR,1.7298611111,103.7215305556,CAAM MALAYSIA,2026-05-14,https://aip.caam.gov.my/aip/eAIP/2026-05-14-AIRAC/html/eAIP/WM-ENR-4.4-en-MS.html,
OLTEX,OLTEX,SIGNIFICANT_POINT,MALAYSIA / WMFC-WBFC FIR,4.2384916667,113.9480805556,CAAM MALAYSIA,2026-05-14,https://aip.caam.gov.my/aip/eAIP/2026-05-14-AIRAC/html/eAIP/WM-ENR-4.4-en-MS.html,
OMBOK,OMBOK,SIGNIFICANT_POINT,MALAYSIA / WMFC-WBFC FIR,5.7323833333,100.0438833333,CAAM MALAYSIA,2026-05-14,https://aip.caam.gov.my/aip/eAIP/2026-05-14-AIRAC/html/eAIP/WM-ENR-4.4-en-MS.html,
OMBUL,OMBUL,SIGNIFICANT_POINT,MALAYSIA / WMFC-WBFC FIR,5.7716888889,100.3345250000,CAAM MALAYSIA,2026-05-14,https://aip.caam.gov.my/aip/eAIP/2026-05-14-AIRAC/html/eAIP/WM-ENR-4.4-en-MS.html,
OMGAK,OMGAK,SIGNIFICANT_POINT,MALAYSIA / WMFC-WBFC FIR,5.8706000000,101.6314000000,CAAM MALAYSIA,2026-05-14,https://aip.caam.gov.my/aip/eAIP/2026-05-14-AIRAC/html/eAIP/WM-ENR-4.4-en-MS.html,
OMKOM,OMKOM,SIGNIFICANT_POINT,MALAYSIA / WMFC-WBFC FIR,1.5201111111,103.9860833333,CAAM MALAYSIA,2026-05-14,https://aip.caam.gov.my/aip/eAIP/2026-05-14-AIRAC/html/eAIP/WM-ENR-4.4-en-MS.html,
OMUKU,OMUKU,SIGNIFICANT_POINT,MALAYSIA / WMFC-WBFC FIR,5.7922000000,118.0931000000,CAAM MALAYSIA,2026-05-14,https://aip.caam.gov.my/aip/eAIP/2026-05-14-AIRAC/html/eAIP/WM-ENR-4.4-en-MS.html,
OPELI,OPELI,SIGNIFICANT_POINT,MALAYSIA / WMFC-WBFC FIR,5.4445027778,115.4559555556,CAAM MALAYSIA,2026-05-14,https://aip.caam.gov.my/aip/eAIP/2026-05-14-AIRAC/html/eAIP/WM-ENR-4.4-en-MS.html,
OPIPI,OPIPI,SIGNIFICANT_POINT,MALAYSIA / WMFC-WBFC FIR,2.8759861111,113.0741222222,CAAM MALAYSIA,2026-05-14,https://aip.caam.gov.my/aip/eAIP/2026-05-14-AIRAC/html/eAIP/WM-ENR-4.4-en-MS.html,
OPOMO,OPOMO,SIGNIFICANT_POINT,MALAYSIA / WMFC-WBFC FIR,5.5911888889,101.9423888889,CAAM MALAYSIA,2026-05-14,https://aip.caam.gov.my/aip/eAIP/2026-05-14-AIRAC/html/eAIP/WM-ENR-4.4-en-MS.html,
OREKA,OREKA,SIGNIFICANT_POINT,MALAYSIA / WMFC-WBFC FIR,4.3066666667,100.3638888889,CAAM MALAYSIA,2026-05-14,https://aip.caam.gov.my/aip/eAIP/2026-05-14-AIRAC/html/eAIP/WM-ENR-4.4-en-MS.html,
OREKO,OREKO,SIGNIFICANT_POINT,MALAYSIA / WMFC-WBFC FIR,5.4090944444,115.5780555556,CAAM MALAYSIA,2026-05-14,https://aip.caam.gov.my/aip/eAIP/2026-05-14-AIRAC/html/eAIP/WM-ENR-4.4-en-MS.html,
ORESI,ORESI,SIGNIFICANT_POINT,MALAYSIA / WMFC-WBFC FIR,2.4864000000,101.8464000000,CAAM MALAYSIA,2026-05-14,https://aip.caam.gov.my/aip/eAIP/2026-05-14-AIRAC/html/eAIP/WM-ENR-4.4-en-MS.html,
ORIBU,ORIBU,SIGNIFICANT_POINT,MALAYSIA / WMFC-WBFC FIR,5.3911277778,115.3878805556,CAAM MALAYSIA,2026-05-14,https://aip.caam.gov.my/aip/eAIP/2026-05-14-AIRAC/html/eAIP/WM-ENR-4.4-en-MS.html,
OROMA,OROMA,SIGNIFICANT_POINT,MALAYSIA / WMFC-WBFC FIR,1.5266750000,110.9254361111,CAAM MALAYSIA,2026-05-14,https://aip.caam.gov.my/aip/eAIP/2026-05-14-AIRAC/html/eAIP/WM-ENR-4.4-en-MS.html,
OSANU,OSANU,SIGNIFICANT_POINT,MALAYSIA / WMFC-WBFC FIR,7.6900000000,117.2933000000,CAAM MALAYSIA,2026-05-14,https://aip.caam.gov.my/aip/eAIP/2026-05-14-AIRAC/html/eAIP/WM-ENR-4.4-en-MS.html,
OSRAM,OSRAM,SIGNIFICANT_POINT,MALAYSIA / WMFC-WBFC FIR,5.4508055556,115.9360305556,CAAM MALAYSIA,2026-05-14,https://aip.caam.gov.my/aip/eAIP/2026-05-14-AIRAC/html/eAIP/WM-ENR-4.4-en-MS.html,
OSRIL,OSRIL,SIGNIFICANT_POINT,MALAYSIA / WMFC-WBFC FIR,5.9996972222,100.5287333333,CAAM MALAYSIA,2026-05-14,https://aip.caam.gov.my/aip/eAIP/2026-05-14-AIRAC/html/eAIP/WM-ENR-4.4-en-MS.html,
OSTAN,OSTAN,SIGNIFICANT_POINT,MALAYSIA / WMFC-WBFC FIR,5.4458000000,116.6400000000,CAAM MALAYSIA,2026-05-14,https://aip.caam.gov.my/aip/eAIP/2026-05-14-AIRAC/html/eAIP/WM-ENR-4.4-en-MS.html,
OTLON,OTLON,SIGNIFICANT_POINT,MALAYSIA / WMFC-WBFC FIR,3.1311111111,104.3350000000,CAAM MALAYSIA,2026-05-14,https://aip.caam.gov.my/aip/eAIP/2026-05-14-AIRAC/html/eAIP/WM-ENR-4.4-en-MS.html,
PADLI,PADLI,SIGNIFICANT_POINT,MALAYSIA / WMFC-WBFC FIR,3.1550000000,103.5258000000,CAAM MALAYSIA,2026-05-14,https://aip.caam.gov.my/aip/eAIP/2026-05-14-AIRAC/html/eAIP/WM-ENR-4.4-en-MS.html,
PADLO,PADLO,SIGNIFICANT_POINT,MALAYSIA / WMFC-WBFC FIR,5.9645305556,114.0240305556,CAAM MALAYSIA,2026-05-14,https://aip.caam.gov.my/aip/eAIP/2026-05-14-AIRAC/html/eAIP/WM-ENR-4.4-en-MS.html,
PAKNI,PAKNI,SIGNIFICANT_POINT,MALAYSIA / WMFC-WBFC FIR,4.2616805556,114.2544666667,CAAM MALAYSIA,2026-05-14,https://aip.caam.gov.my/aip/eAIP/2026-05-14-AIRAC/html/eAIP/WM-ENR-4.4-en-MS.html,
PALNO,PALNO,SIGNIFICANT_POINT,MALAYSIA / WMFC-WBFC FIR,5.3483138889,102.6402305556,CAAM MALAYSIA,2026-05-14,https://aip.caam.gov.my/aip/eAIP/2026-05-14-AIRAC/html/eAIP/WM-ENR-4.4-en-MS.html,
PAPRI,PAPRI,SIGNIFICANT_POINT,MALAYSIA / WMFC-WBFC FIR,5.2675472222,100.7547777778,CAAM MALAYSIA,2026-05-14,https://aip.caam.gov.my/aip/eAIP/2026-05-14-AIRAC/html/eAIP/WM-ENR-4.4-en-MS.html,
PAPSA,PAPSA,SIGNIFICANT_POINT,MALAYSIA / WMFC-WBFC FIR,1.2000000000,110.1417000000,CAAM MALAYSIA,2026-05-14,https://aip.caam.gov.my/aip/eAIP/2026-05-14-AIRAC/html/eAIP/WM-ENR-4.4-en-MS.html,
PARLU,PARLU,SIGNIFICANT_POINT,MALAYSIA / WMFC-WBFC FIR,6.3200000000,114.8600000000,CAAM MALAYSIA,2026-05-14,https://aip.caam.gov.my/aip/eAIP/2026-05-14-AIRAC/html/eAIP/WM-ENR-4.4-en-MS.html,
PARVO,PARVO,SIGNIFICANT_POINT,MALAYSIA / WMFC-WBFC FIR,5.9383944444,102.6885444444,CAAM MALAYSIA,2026-05-14,https://aip.caam.gov.my/aip/eAIP/2026-05-14-AIRAC/html/eAIP/WM-ENR-4.4-en-MS.html,
PASVA,PASVA,SIGNIFICANT_POINT,MALAYSIA / WMFC-WBFC FIR,6.2581000000,102.0753000000,CAAM MALAYSIA,2026-05-14,https://aip.caam.gov.my/aip/eAIP/2026-05-14-AIRAC/html/eAIP/WM-ENR-4.4-en-MS.html,
PEDSI,PEDSI,SIGNIFICANT_POINT,MALAYSIA / WMFC-WBFC FIR,6.0563805556,115.9743250000,CAAM MALAYSIA,2026-05-14,https://aip.caam.gov.my/aip/eAIP/2026-05-14-AIRAC/html/eAIP/WM-ENR-4.4-en-MS.html,
PEGSA,PEGSA,SIGNIFICANT_POINT,MALAYSIA / WMFC-WBFC FIR,2.5567000000,101.7383000000,CAAM MALAYSIA,2026-05-14,https://aip.caam.gov.my/aip/eAIP/2026-05-14-AIRAC/html/eAIP/WM-ENR-4.4-en-MS.html,
PEKBU,PEKBU,SIGNIFICANT_POINT,MALAYSIA / WMFC-WBFC FIR,4.6494000000,115.0311000000,CAAM MALAYSIA,2026-05-14,https://aip.caam.gov.my/aip/eAIP/2026-05-14-AIRAC/html/eAIP/WM-ENR-4.4-en-MS.html,
PEKLA,PEKLA,SIGNIFICANT_POINT,MALAYSIA / WMFC-WBFC FIR,2.5769000000,104.1050000000,CAAM MALAYSIA,2026-05-14,https://aip.caam.gov.my/aip/eAIP/2026-05-14-AIRAC/html/eAIP/WM-ENR-4.4-en-MS.html,
PIBOS,PIBOS,SIGNIFICANT_POINT,MALAYSIA / WMFC-WBFC FIR,3.3517000000,102.0544000000,CAAM MALAYSIA,2026-05-14,https://aip.caam.gov.my/aip/eAIP/2026-05-14-AIRAC/html/eAIP/WM-ENR-4.4-en-MS.html,
PIDAN,PIDAN,SIGNIFICANT_POINT,MALAYSIA / WMFC-WBFC FIR,4.6161000000,114.9400000000,CAAM MALAYSIA,2026-05-14,https://aip.caam.gov.my/aip/eAIP/2026-05-14-AIRAC/html/eAIP/WM-ENR-4.4-en-MS.html,
PILAX,PILAX,SIGNIFICANT_POINT,MALAYSIA / WMFC-WBFC FIR,2.3139000000,111.3906000000,CAAM MALAYSIA,2026-05-14,https://aip.caam.gov.my/aip/eAIP/2026-05-14-AIRAC/html/eAIP/WM-ENR-4.4-en-MS.html,
PIMEP,PIMEP,SIGNIFICANT_POINT,MALAYSIA / WMFC-WBFC FIR,5.3711722222,115.6224277778,CAAM MALAYSIA,2026-05-14,https://aip.caam.gov.my/aip/eAIP/2026-05-14-AIRAC/html/eAIP/WM-ENR-4.4-en-MS.html,
PIMOK,PIMOK,SIGNIFICANT_POINT,MALAYSIA / WMFC-WBFC FIR,1.4467000000,103.3356000000,CAAM MALAYSIA,2026-05-14,https://aip.caam.gov.my/aip/eAIP/2026-05-14-AIRAC/html/eAIP/WM-ENR-4.4-en-MS.html,
POLEB,POLEB,SIGNIFICANT_POINT,MALAYSIA / WMFC-WBFC FIR,5.9640222222,115.8773638889,CAAM MALAYSIA,2026-05-14,https://aip.caam.gov.my/aip/eAIP/2026-05-14-AIRAC/html/eAIP/WM-ENR-4.4-en-MS.html,
POLOS,POLOS,SIGNIFICANT_POINT,MALAYSIA / WMFC-WBFC FIR,5.5560972222,103.1564472222,CAAM MALAYSIA,2026-05-14,https://aip.caam.gov.my/aip/eAIP/2026-05-14-AIRAC/html/eAIP/WM-ENR-4.4-en-MS.html,
POPAT,POPAT,SIGNIFICANT_POINT,MALAYSIA / WMFC-WBFC FIR,5.9599888889,115.8916722222,CAAM MALAYSIA,2026-05-14,https://aip.caam.gov.my/aip/eAIP/2026-05-14-AIRAC/html/eAIP/WM-ENR-4.4-en-MS.html,
POPID,POPID,SIGNIFICANT_POINT,MALAYSIA / WMFC-WBFC FIR,6.4889000000,100.5367000000,CAAM MALAYSIA,2026-05-14,https://aip.caam.gov.my/aip/eAIP/2026-05-14-AIRAC/html/eAIP/WM-ENR-4.4-en-MS.html,
PORAL,PORAL,SIGNIFICANT_POINT,MALAYSIA / WMFC-WBFC FIR,6.2397888889,100.4696722222,CAAM MALAYSIA,2026-05-14,https://aip.caam.gov.my/aip/eAIP/2026-05-14-AIRAC/html/eAIP/WM-ENR-4.4-en-MS.html,
POVUS,POVUS,SIGNIFICANT_POINT,MALAYSIA / WMFC-WBFC FIR,6.0000000000,94.6667000000,CAAM MALAYSIA,2026-05-14,https://aip.caam.gov.my/aip/eAIP/2026-05-14-AIRAC/html/eAIP/WM-ENR-4.4-en-MS.html,
PUDIL,PUDIL,SIGNIFICANT_POINT,MALAYSIA / WMFC-WBFC FIR,3.1811888889,113.0072361111,CAAM MALAYSIA,2026-05-14,https://aip.caam.gov.my/aip/eAIP/2026-05-14-AIRAC/html/eAIP/WM-ENR-4.4-en-MS.html,
PUGER,PUGER,SIGNIFICANT_POINT,MALAYSIA / WMFC-WBFC FIR,3.3997222222,100.2919444444,CAAM MALAYSIA,2026-05-14,https://aip.caam.gov.my/aip/eAIP/2026-05-14-AIRAC/html/eAIP/WM-ENR-4.4-en-MS.html,
PULIP,PULIP,SIGNIFICANT_POINT,MALAYSIA / WMFC-WBFC FIR,3.6733000000,101.8967000000,CAAM MALAYSIA,2026-05-14,https://aip.caam.gov.my/aip/eAIP/2026-05-14-AIRAC/html/eAIP/WM-ENR-4.4-en-MS.html,
RAXIM,RAXIM,SIGNIFICANT_POINT,MALAYSIA / WMFC-WBFC FIR,3.0550000000,104.2867000000,CAAM MALAYSIA,2026-05-14,https://aip.caam.gov.my/aip/eAIP/2026-05-14-AIRAC/html/eAIP/WM-ENR-4.4-en-MS.html,
REDUK,REDUK,SIGNIFICANT_POINT,MALAYSIA / WMFC-WBFC FIR,2.7278138889,112.5385111111,CAAM MALAYSIA,2026-05-14,https://aip.caam.gov.my/aip/eAIP/2026-05-14-AIRAC/html/eAIP/WM-ENR-4.4-en-MS.html,
REKAN,REKAN,SIGNIFICANT_POINT,MALAYSIA / WMFC-WBFC FIR,2.2000000000,111.2389000000,CAAM MALAYSIA,2026-05-14,https://aip.caam.gov.my/aip/eAIP/2026-05-14-AIRAC/html/eAIP/WM-ENR-4.4-en-MS.html,
REKOP,REKOP,SIGNIFICANT_POINT,MALAYSIA / WMFC-WBFC FIR,1.5517000000,103.0892000000,CAAM MALAYSIA,2026-05-14,https://aip.caam.gov.my/aip/eAIP/2026-05-14-AIRAC/html/eAIP/WM-ENR-4.4-en-MS.html,
REKOS,REKOS,SIGNIFICANT_POINT,MALAYSIA / WMFC-WBFC FIR,5.1422222222,115.7022222222,CAAM MALAYSIA,2026-05-14,https://aip.caam.gov.my/aip/eAIP/2026-05-14-AIRAC/html/eAIP/WM-ENR-4.4-en-MS.html,
RIDNA,RIDNA,SIGNIFICANT_POINT,MALAYSIA / WMFC-WBFC FIR,5.1823138889,102.9230777778,CAAM MALAYSIA,2026-05-14,https://aip.caam.gov.my/aip/eAIP/2026-05-14-AIRAC/html/eAIP/WM-ENR-4.4-en-MS.html,
RIGTO,RIGTO,SIGNIFICANT_POINT,MALAYSIA / WMFC-WBFC FIR,6.7078388889,100.2511750000,CAAM MALAYSIA,2026-05-14,https://aip.caam.gov.my/aip/eAIP/2026-05-14-AIRAC/html/eAIP/WM-ENR-4.4-en-MS.html,
RINBA,RINBA,SIGNIFICANT_POINT,MALAYSIA / WMFC-WBFC FIR,5.3706000000,100.7498777778,CAAM MALAYSIA,2026-05-14,https://aip.caam.gov.my/aip/eAIP/2026-05-14-AIRAC/html/eAIP/WM-ENR-4.4-en-MS.html,
RINBU,RINBU,SIGNIFICANT_POINT,MALAYSIA / WMFC-WBFC FIR,1.7046083333,110.2764583333,CAAM MALAYSIA,2026-05-14,https://aip.caam.gov.my/aip/eAIP/2026-05-14-AIRAC/html/eAIP/WM-ENR-4.4-en-MS.html,
RINPU,RINPU,SIGNIFICANT_POINT,MALAYSIA / WMFC-WBFC FIR,5.6540638889,102.2217305556,CAAM MALAYSIA,2026-05-14,https://aip.caam.gov.my/aip/eAIP/2026-05-14-AIRAC/html/eAIP/WM-ENR-4.4-en-MS.html,
RISGU,RISGU,SIGNIFICANT_POINT,MALAYSIA / WMFC-WBFC FIR,2.2822194444,111.7940027778,CAAM MALAYSIA,2026-05-14,https://aip.caam.gov.my/aip/eAIP/2026-05-14-AIRAC/html/eAIP/WM-ENR-4.4-en-MS.html,
RITGA,RITGA,SIGNIFICANT_POINT,MALAYSIA / WMFC-WBFC FIR,5.8686611111,102.1919388889,CAAM MALAYSIA,2026-05-14,https://aip.caam.gov.my/aip/eAIP/2026-05-14-AIRAC/html/eAIP/WM-ENR-4.4-en-MS.html,
RIZAN,RIZAN,SIGNIFICANT_POINT,MALAYSIA / WMFC-WBFC FIR,3.0208000000,112.2900000000,CAAM MALAYSIA,2026-05-14,https://aip.caam.gov.my/aip/eAIP/2026-05-14-AIRAC/html/eAIP/WM-ENR-4.4-en-MS.html,
ROBDA,ROBDA,SIGNIFICANT_POINT,MALAYSIA / WMFC-WBFC FIR,9.4328194444,100.5863638889,CAAM MALAYSIA,2026-05-14,https://aip.caam.gov.my/aip/eAIP/2026-05-14-AIRAC/html/eAIP/WM-ENR-4.4-en-MS.html,
ROBMO,ROBMO,SIGNIFICANT_POINT,MALAYSIA / WMFC-WBFC FIR,2.9111000000,103.9500000000,CAAM MALAYSIA,2026-05-14,https://aip.caam.gov.my/aip/eAIP/2026-05-14-AIRAC/html/eAIP/WM-ENR-4.4-en-MS.html,
RUGNA,RUGNA,SIGNIFICANT_POINT,MALAYSIA / WMFC-WBFC FIR,1.8628611111,103.6721388889,CAAM MALAYSIA,2026-05-14,https://aip.caam.gov.my/aip/eAIP/2026-05-14-AIRAC/html/eAIP/WM-ENR-4.4-en-MS.html,
RUMAL,RUMAL,SIGNIFICANT_POINT,MALAYSIA / WMFC-WBFC FIR,6.1742055556,116.0240694444,CAAM MALAYSIA,2026-05-14,https://aip.caam.gov.my/aip/eAIP/2026-05-14-AIRAC/html/eAIP/WM-ENR-4.4-en-MS.html,
RUMEG,RUMEG,SIGNIFICANT_POINT,MALAYSIA / WMFC-WBFC FIR,6.4478805556,116.4181361111,CAAM MALAYSIA,2026-05-14,https://aip.caam.gov.my/aip/eAIP/2026-05-14-AIRAC/html/eAIP/WM-ENR-4.4-en-MS.html,
RUMID,RUMID,SIGNIFICANT_POINT,MALAYSIA / WMFC-WBFC FIR,2.3377777778,101.6075000000,CAAM MALAYSIA,2026-05-14,https://aip.caam.gov.my/aip/eAIP/2026-05-14-AIRAC/html/eAIP/WM-ENR-4.4-en-MS.html,
RUMPA,RUMPA,SIGNIFICANT_POINT,MALAYSIA / WMFC-WBFC FIR,5.7276194444,115.7481694444,CAAM MALAYSIA,2026-05-14,https://aip.caam.gov.my/aip/eAIP/2026-05-14-AIRAC/html/eAIP/WM-ENR-4.4-en-MS.html,
RUNAM,RUNAM,SIGNIFICANT_POINT,MALAYSIA / WMFC-WBFC FIR,4.6869000000,115.1494000000,CAAM MALAYSIA,2026-05-14,https://aip.caam.gov.my/aip/eAIP/2026-05-14-AIRAC/html/eAIP/WM-ENR-4.4-en-MS.html,
RUNVO,RUNVO,SIGNIFICANT_POINT,MALAYSIA / WMFC-WBFC FIR,1.2990222222,110.3549583333,CAAM MALAYSIA,2026-05-14,https://aip.caam.gov.my/aip/eAIP/2026-05-14-AIRAC/html/eAIP/WM-ENR-4.4-en-MS.html,
RUPDO,RUPDO,SIGNIFICANT_POINT,MALAYSIA / WMFC-WBFC FIR,3.2338361111,100.9797611111,CAAM MALAYSIA,2026-05-14,https://aip.caam.gov.my/aip/eAIP/2026-05-14-AIRAC/html/eAIP/WM-ENR-4.4-en-MS.html,
RUPLA,RUPLA,SIGNIFICANT_POINT,MALAYSIA / WMFC-WBFC FIR,2.9589000000,101.7389000000,CAAM MALAYSIA,2026-05-14,https://aip.caam.gov.my/aip/eAIP/2026-05-14-AIRAC/html/eAIP/WM-ENR-4.4-en-MS.html,
RUPOS,RUPOS,SIGNIFICANT_POINT,MALAYSIA / WMFC-WBFC FIR,5.5373305556,102.2092194444,CAAM MALAYSIA,2026-05-14,https://aip.caam.gov.my/aip/eAIP/2026-05-14-AIRAC/html/eAIP/WM-ENR-4.4-en-MS.html,
RURIM,RURIM,SIGNIFICANT_POINT,MALAYSIA / WMFC-WBFC FIR,1.9217500000,103.3329388889,CAAM MALAYSIA,2026-05-14,https://aip.caam.gov.my/aip/eAIP/2026-05-14-AIRAC/html/eAIP/WM-ENR-4.4-en-MS.html,
RUSBU,RUSBU,SIGNIFICANT_POINT,MALAYSIA / WMFC-WBFC FIR,2.0229777778,102.5116972222,CAAM MALAYSIA,2026-05-14,https://aip.caam.gov.my/aip/eAIP/2026-05-14-AIRAC/html/eAIP/WM-ENR-4.4-en-MS.html,
RUSET,RUSET,SIGNIFICANT_POINT,MALAYSIA / WMFC-WBFC FIR,7.7711000000,97.7158000000,CAAM MALAYSIA,2026-05-14,https://aip.caam.gov.my/aip/eAIP/2026-05-14-AIRAC/html/eAIP/WM-ENR-4.4-en-MS.html,
RUSNI,RUSNI,SIGNIFICANT_POINT,MALAYSIA / WMFC-WBFC FIR,3.2588083333,113.2271472222,CAAM MALAYSIA,2026-05-14,https://aip.caam.gov.my/aip/eAIP/2026-05-14-AIRAC/html/eAIP/WM-ENR-4.4-en-MS.html,
RUSOL,RUSOL,SIGNIFICANT_POINT,MALAYSIA / WMFC-WBFC FIR,1.4627916667,108.7472722222,CAAM MALAYSIA,2026-05-14,https://aip.caam.gov.my/aip/eAIP/2026-05-14-AIRAC/html/eAIP/WM-ENR-4.4-en-MS.html,
RUVRO,RUVRO,SIGNIFICANT_POINT,MALAYSIA / WMFC-WBFC FIR,3.0583027778,113.0341722222,CAAM MALAYSIA,2026-05-14,https://aip.caam.gov.my/aip/eAIP/2026-05-14-AIRAC/html/eAIP/WM-ENR-4.4-en-MS.html,
RUXAP,RUXAP,SIGNIFICANT_POINT,MALAYSIA / WMFC-WBFC FIR,6.2616916667,102.3371638889,CAAM MALAYSIA,2026-05-14,https://aip.caam.gov.my/aip/eAIP/2026-05-14-AIRAC/html/eAIP/WM-ENR-4.4-en-MS.html,
SABIP,SABIP,SIGNIFICANT_POINT,MALAYSIA / WMFC-WBFC FIR,2.1611111111,107.8455555556,CAAM MALAYSIA,2026-05-14,https://aip.caam.gov.my/aip/eAIP/2026-05-14-AIRAC/html/eAIP/WM-ENR-4.4-en-MS.html,
SABKA,SABKA,SIGNIFICANT_POINT,MALAYSIA / WMFC-WBFC FIR,1.8475305556,103.2868611111,CAAM MALAYSIA,2026-05-14,https://aip.caam.gov.my/aip/eAIP/2026-05-14-AIRAC/html/eAIP/WM-ENR-4.4-en-MS.html,
SABNU,SABNU,SIGNIFICANT_POINT,MALAYSIA / WMFC-WBFC FIR,6.1130222222,115.8587055556,CAAM MALAYSIA,2026-05-14,https://aip.caam.gov.my/aip/eAIP/2026-05-14-AIRAC/html/eAIP/WM-ENR-4.4-en-MS.html,
SADGI,SADGI,SIGNIFICANT_POINT,MALAYSIA / WMFC-WBFC FIR,3.0014916667,101.1105583333,CAAM MALAYSIA,2026-05-14,https://aip.caam.gov.my/aip/eAIP/2026-05-14-AIRAC/html/eAIP/WM-ENR-4.4-en-MS.html,
SAFRA,SAFRA,SIGNIFICANT_POINT,MALAYSIA / WMFC-WBFC FIR,4.4231750000,113.8030611111,CAAM MALAYSIA,2026-05-14,https://aip.caam.gov.my/aip/eAIP/2026-05-14-AIRAC/html/eAIP/WM-ENR-4.4-en-MS.html,
SAGEL,SAGEL,SIGNIFICANT_POINT,MALAYSIA / WMFC-WBFC FIR,6.2900000000,100.0000000000,CAAM MALAYSIA,2026-05-14,https://aip.caam.gov.my/aip/eAIP/2026-05-14-AIRAC/html/eAIP/WM-ENR-4.4-en-MS.html,
SAKED,SAKED,SIGNIFICANT_POINT,MALAYSIA / WMFC-WBFC FIR,6.2470805556,99.7802888889,CAAM MALAYSIA,2026-05-14,https://aip.caam.gov.my/aip/eAIP/2026-05-14-AIRAC/html/eAIP/WM-ENR-4.4-en-MS.html,
SAKMA,SAKMA,SIGNIFICANT_POINT,MALAYSIA / WMFC-WBFC FIR,4.4078000000,113.6653000000,CAAM MALAYSIA,2026-05-14,https://aip.caam.gov.my/aip/eAIP/2026-05-14-AIRAC/html/eAIP/WM-ENR-4.4-en-MS.html,
SALAX,SALAX,SIGNIFICANT_POINT,MALAYSIA / WMFC-WBFC FIR,2.2067000000,101.5633000000,CAAM MALAYSIA,2026-05-14,https://aip.caam.gov.my/aip/eAIP/2026-05-14-AIRAC/html/eAIP/WM-ENR-4.4-en-MS.html,
SALMU,SALMU,SIGNIFICANT_POINT,MALAYSIA / WMFC-WBFC FIR,5.7240138889,102.7173972222,CAAM MALAYSIA,2026-05-14,https://aip.caam.gov.my/aip/eAIP/2026-05-14-AIRAC/html/eAIP/WM-ENR-4.4-en-MS.html,
SAMAK,SAMAK,SIGNIFICANT_POINT,MALAYSIA / WMFC-WBFC FIR,7.9783000000,94.4167000000,CAAM MALAYSIA,2026-05-14,https://aip.caam.gov.my/aip/eAIP/2026-05-14-AIRAC/html/eAIP/WM-ENR-4.4-en-MS.html,
SANOB,SANOB,SIGNIFICANT_POINT,MALAYSIA / WMFC-WBFC FIR,6.5861000000,95.6692000000,CAAM MALAYSIA,2026-05-14,https://aip.caam.gov.my/aip/eAIP/2026-05-14-AIRAC/html/eAIP/WM-ENR-4.4-en-MS.html,
SAPAK,SAPAK,SIGNIFICANT_POINT,MALAYSIA / WMFC-WBFC FIR,5.5400000000,116.3350000000,CAAM MALAYSIA,2026-05-14,https://aip.caam.gov.my/aip/eAIP/2026-05-14-AIRAC/html/eAIP/WM-ENR-4.4-en-MS.html,
SAPAM,SAPAM,SIGNIFICANT_POINT,MALAYSIA / WMFC-WBFC FIR,8.0761111111,97.5500000000,CAAM MALAYSIA,2026-05-14,https://aip.caam.gov.my/aip/eAIP/2026-05-14-AIRAC/html/eAIP/WM-ENR-4.4-en-MS.html,
SAPAT,SAPAT,SIGNIFICANT_POINT,MALAYSIA / WMFC-WBFC FIR,2.5361111111,102.0416666667,CAAM MALAYSIA,2026-05-14,https://aip.caam.gov.my/aip/eAIP/2026-05-14-AIRAC/html/eAIP/WM-ENR-4.4-en-MS.html,
SAPOR,SAPOR,SIGNIFICANT_POINT,MALAYSIA / WMFC-WBFC FIR,5.1373000000,115.3616194444,CAAM MALAYSIA,2026-05-14,https://aip.caam.gov.my/aip/eAIP/2026-05-14-AIRAC/html/eAIP/WM-ENR-4.4-en-MS.html,
SAPTU,SAPTU,SIGNIFICANT_POINT,MALAYSIA / WMFC-WBFC FIR,5.5283500000,116.3799416667,CAAM MALAYSIA,2026-05-14,https://aip.caam.gov.my/aip/eAIP/2026-05-14-AIRAC/html/eAIP/WM-ENR-4.4-en-MS.html,
SAROX,SAROX,SIGNIFICANT_POINT,MALAYSIA / WMFC-WBFC FIR,2.8006000000,102.6719000000,CAAM MALAYSIA,2026-05-14,https://aip.caam.gov.my/aip/eAIP/2026-05-14-AIRAC/html/eAIP/WM-ENR-4.4-en-MS.html,
SARVO,SARVO,SIGNIFICANT_POINT,MALAYSIA / WMFC-WBFC FIR,3.4417000000,112.8361000000,CAAM MALAYSIA,2026-05-14,https://aip.caam.gov.my/aip/eAIP/2026-05-14-AIRAC/html/eAIP/WM-ENR-4.4-en-MS.html,
SATKO,SATKO,SIGNIFICANT_POINT,MALAYSIA / WMFC-WBFC FIR,5.9256694444,116.2027638889,CAAM MALAYSIA,2026-05-14,https://aip.caam.gov.my/aip/eAIP/2026-05-14-AIRAC/html/eAIP/WM-ENR-4.4-en-MS.html,
SEDRU,SEDRU,SIGNIFICANT_POINT,MALAYSIA / WMFC-WBFC FIR,1.5780611111,103.6919694444,CAAM MALAYSIA,2026-05-14,https://aip.caam.gov.my/aip/eAIP/2026-05-14-AIRAC/html/eAIP/WM-ENR-4.4-en-MS.html,
SEMKA,SEMKA,SIGNIFICANT_POINT,MALAYSIA / WMFC-WBFC FIR,5.9389000000,99.4667000000,CAAM MALAYSIA,2026-05-14,https://aip.caam.gov.my/aip/eAIP/2026-05-14-AIRAC/html/eAIP/WM-ENR-4.4-en-MS.html,
SORTO,SORTO,SIGNIFICANT_POINT,MALAYSIA / WMFC-WBFC FIR,9.8981166667,100.3948944444,CAAM MALAYSIA,2026-05-14,https://aip.caam.gov.my/aip/eAIP/2026-05-14-AIRAC/html/eAIP/WM-ENR-4.4-en-MS.html,
SOTRO,SOTRO,SIGNIFICANT_POINT,MALAYSIA / WMFC-WBFC FIR,4.9317805556,100.8240000000,CAAM MALAYSIA,2026-05-14,https://aip.caam.gov.my/aip/eAIP/2026-05-14-AIRAC/html/eAIP/WM-ENR-4.4-en-MS.html,
SUKAT,SUKAT,SIGNIFICANT_POINT,MALAYSIA / WMFC-WBFC FIR,3.5903000000,101.0200000000,CAAM MALAYSIA,2026-05-14,https://aip.caam.gov.my/aip/eAIP/2026-05-14-AIRAC/html/eAIP/WM-ENR-4.4-en-MS.html,
SUKRI,SUKRI,SIGNIFICANT_POINT,MALAYSIA / WMFC-WBFC FIR,1.3850000000,102.9844000000,CAAM MALAYSIA,2026-05-14,https://aip.caam.gov.my/aip/eAIP/2026-05-14-AIRAC/html/eAIP/WM-ENR-4.4-en-MS.html,
SUMLA,SUMLA,SIGNIFICANT_POINT,MALAYSIA / WMFC-WBFC FIR,8.0450000000,116.0150000000,CAAM MALAYSIA,2026-05-14,https://aip.caam.gov.my/aip/eAIP/2026-05-14-AIRAC/html/eAIP/WM-ENR-4.4-en-MS.html,
SUSBI,SUSBI,SIGNIFICANT_POINT,MALAYSIA / WMFC-WBFC FIR,6.0153000000,118.0583000000,CAAM MALAYSIA,2026-05-14,https://aip.caam.gov.my/aip/eAIP/2026-05-14-AIRAC/html/eAIP/WM-ENR-4.4-en-MS.html,
SUSGA,SUSGA,SIGNIFICANT_POINT,MALAYSIA / WMFC-WBFC FIR,6.0974194444,116.2972944444,CAAM MALAYSIA,2026-05-14,https://aip.caam.gov.my/aip/eAIP/2026-05-14-AIRAC/html/eAIP/WM-ENR-4.4-en-MS.html,
TAMOS,TAMOS,SIGNIFICANT_POINT,MALAYSIA / WMFC-WBFC FIR,6.5294444444,100.3947222222,CAAM MALAYSIA,2026-05-14,https://aip.caam.gov.my/aip/eAIP/2026-05-14-AIRAC/html/eAIP/WM-ENR-4.4-en-MS.html,
TANOL,TANOL,SIGNIFICANT_POINT,MALAYSIA / WMFC-WBFC FIR,1.7301388889,103.7221944444,CAAM MALAYSIA,2026-05-14,https://aip.caam.gov.my/aip/eAIP/2026-05-14-AIRAC/html/eAIP/WM-ENR-4.4-en-MS.html,
TARIP,TARIP,SIGNIFICANT_POINT,MALAYSIA / WMFC-WBFC FIR,5.7089000000,101.2561000000,CAAM MALAYSIA,2026-05-14,https://aip.caam.gov.my/aip/eAIP/2026-05-14-AIRAC/html/eAIP/WM-ENR-4.4-en-MS.html,
TASEK,TASEK,SIGNIFICANT_POINT,MALAYSIA / WMFC-WBFC FIR,5.2583000000,98.3000000000,CAAM MALAYSIA,2026-05-14,https://aip.caam.gov.my/aip/eAIP/2026-05-14-AIRAC/html/eAIP/WM-ENR-4.4-en-MS.html,
TAXER,TAXER,SIGNIFICANT_POINT,MALAYSIA / WMFC-WBFC FIR,5.9222194444,115.3652777778,CAAM MALAYSIA,2026-05-14,https://aip.caam.gov.my/aip/eAIP/2026-05-14-AIRAC/html/eAIP/WM-ENR-4.4-en-MS.html,
TAXUL,TAXUL,SIGNIFICANT_POINT,MALAYSIA / WMFC-WBFC FIR,3.8433000000,103.6767000000,CAAM MALAYSIA,2026-05-14,https://aip.caam.gov.my/aip/eAIP/2026-05-14-AIRAC/html/eAIP/WM-ENR-4.4-en-MS.html,
TEGAL,TEGAL,SIGNIFICANT_POINT,MALAYSIA / WMFC-WBFC FIR,2.9353750000,113.0611222222,CAAM MALAYSIA,2026-05-14,https://aip.caam.gov.my/aip/eAIP/2026-05-14-AIRAC/html/eAIP/WM-ENR-4.4-en-MS.html,
TEMES,TEMES,SIGNIFICANT_POINT,MALAYSIA / WMFC-WBFC FIR,1.9153916667,109.7685361111,CAAM MALAYSIA,2026-05-14,https://aip.caam.gov.my/aip/eAIP/2026-05-14-AIRAC/html/eAIP/WM-ENR-4.4-en-MS.html,
TEPUS,TEPUS,SIGNIFICANT_POINT,MALAYSIA / WMFC-WBFC FIR,4.1702777778,100.7591666667,CAAM MALAYSIA,2026-05-14,https://aip.caam.gov.my/aip/eAIP/2026-05-14-AIRAC/html/eAIP/WM-ENR-4.4-en-MS.html,
TERIX,TERIX,SIGNIFICANT_POINT,MALAYSIA / WMFC-WBFC FIR,4.2558333333,109.5822222222,CAAM MALAYSIA,2026-05-14,https://aip.caam.gov.my/aip/eAIP/2026-05-14-AIRAC/html/eAIP/WM-ENR-4.4-en-MS.html,
TERUS,TERUS,SIGNIFICANT_POINT,MALAYSIA / WMFC-WBFC FIR,2.0264000000,103.2192000000,CAAM MALAYSIA,2026-05-14,https://aip.caam.gov.my/aip/eAIP/2026-05-14-AIRAC/html/eAIP/WM-ENR-4.4-en-MS.html,
TIBNI,TIBNI,SIGNIFICANT_POINT,MALAYSIA / WMFC-WBFC FIR,5.8987277778,116.3905638889,CAAM MALAYSIA,2026-05-14,https://aip.caam.gov.my/aip/eAIP/2026-05-14-AIRAC/html/eAIP/WM-ENR-4.4-en-MS.html,
TIDAR,TIDAR,SIGNIFICANT_POINT,MALAYSIA / WMFC-WBFC FIR,6.8750000000,102.8333333333,CAAM MALAYSIA,2026-05-14,https://aip.caam.gov.my/aip/eAIP/2026-05-14-AIRAC/html/eAIP/WM-ENR-4.4-en-MS.html,
MITMA,MITMA,SIGNIFICANT_POINT,MALAYSIA / WMFC-WBFC FIR,4.3272222222,113.3269444444,CAAM MALAYSIA,2026-05-14,https://aip.caam.gov.my/aip/eAIP/2026-05-14-AIRAC/html/eAIP/WM-ENR-4.4-en-MS.html,
TODAG,TODAG,SIGNIFICANT_POINT,MALAYSIA / WMFC-WBFC FIR,5.8493222222,102.8095083333,CAAM MALAYSIA,2026-05-14,https://aip.caam.gov.my/aip/eAIP/2026-05-14-AIRAC/html/eAIP/WM-ENR-4.4-en-MS.html,
TOMEL,TOMEL,SIGNIFICANT_POINT,MALAYSIA / WMFC-WBFC FIR,5.8409944444,116.1907972222,CAAM MALAYSIA,2026-05-14,https://aip.caam.gov.my/aip/eAIP/2026-05-14-AIRAC/html/eAIP/WM-ENR-4.4-en-MS.html,
TOMEN,TOMEN,SIGNIFICANT_POINT,MALAYSIA / WMFC-WBFC FIR,6.0690555556,117.6907777778,CAAM MALAYSIA,2026-05-14,https://aip.caam.gov.my/aip/eAIP/2026-05-14-AIRAC/html/eAIP/WM-ENR-4.4-en-MS.html,
TOMUD,TOMUD,SIGNIFICANT_POINT,MALAYSIA / WMFC-WBFC FIR,5.9036111111,117.0522222222,CAAM MALAYSIA,2026-05-14,https://aip.caam.gov.my/aip/eAIP/2026-05-14-AIRAC/html/eAIP/WM-ENR-4.4-en-MS.html,
TOPOR,TOPOR,SIGNIFICANT_POINT,MALAYSIA / WMFC-WBFC FIR,1.7367000000,102.8917000000,CAAM MALAYSIA,2026-05-14,https://aip.caam.gov.my/aip/eAIP/2026-05-14-AIRAC/html/eAIP/WM-ENR-4.4-en-MS.html,
TOSAM,TOSAM,SIGNIFICANT_POINT,MALAYSIA / WMFC-WBFC FIR,5.1677361111,100.2936750000,CAAM MALAYSIA,2026-05-14,https://aip.caam.gov.my/aip/eAIP/2026-05-14-AIRAC/html/eAIP/WM-ENR-4.4-en-MS.html,
TOSEN,TOSEN,SIGNIFICANT_POINT,MALAYSIA / WMFC-WBFC FIR,6.0601361111,100.3907277778,CAAM MALAYSIA,2026-05-14,https://aip.caam.gov.my/aip/eAIP/2026-05-14-AIRAC/html/eAIP/WM-ENR-4.4-en-MS.html,
TOSEP,TOSEP,SIGNIFICANT_POINT,MALAYSIA / WMFC-WBFC FIR,2.2502805556,112.1268611111,CAAM MALAYSIA,2026-05-14,https://aip.caam.gov.my/aip/eAIP/2026-05-14-AIRAC/html/eAIP/WM-ENR-4.4-en-MS.html,
TOSOK,TOSOK,SIGNIFICANT_POINT,MALAYSIA / WMFC-WBFC FIR,6.0000000000,97.0000000000,CAAM MALAYSIA,2026-05-14,https://aip.caam.gov.my/aip/eAIP/2026-05-14-AIRAC/html/eAIP/WM-ENR-4.4-en-MS.html,
TUSVO,TUSVO,SIGNIFICANT_POINT,MALAYSIA / WMFC-WBFC FIR,5.2343333333,102.9576583333,CAAM MALAYSIA,2026-05-14,https://aip.caam.gov.my/aip/eAIP/2026-05-14-AIRAC/html/eAIP/WM-ENR-4.4-en-MS.html,
TUSVU,TUSVU,SIGNIFICANT_POINT,MALAYSIA / WMFC-WBFC FIR,5.6697583333,116.6624527778,CAAM MALAYSIA,2026-05-14,https://aip.caam.gov.my/aip/eAIP/2026-05-14-AIRAC/html/eAIP/WM-ENR-4.4-en-MS.html,
UBTAL,UBTAL,SIGNIFICANT_POINT,MALAYSIA / WMFC-WBFC FIR,5.9681000000,117.8558000000,CAAM MALAYSIA,2026-05-14,https://aip.caam.gov.my/aip/eAIP/2026-05-14-AIRAC/html/eAIP/WM-ENR-4.4-en-MS.html,
UDERO,UDERO,SIGNIFICANT_POINT,MALAYSIA / WMFC-WBFC FIR,3.9306000000,114.4944000000,CAAM MALAYSIA,2026-05-14,https://aip.caam.gov.my/aip/eAIP/2026-05-14-AIRAC/html/eAIP/WM-ENR-4.4-en-MS.html,
UDETO,UDETO,SIGNIFICANT_POINT,MALAYSIA / WMFC-WBFC FIR,6.0618305556,117.8798111111,CAAM MALAYSIA,2026-05-14,https://aip.caam.gov.my/aip/eAIP/2026-05-14-AIRAC/html/eAIP/WM-ENR-4.4-en-MS.html,
UDIKO,UDIKO,SIGNIFICANT_POINT,MALAYSIA / WMFC-WBFC FIR,4.8921944444,100.1964166667,CAAM MALAYSIA,2026-05-14,https://aip.caam.gov.my/aip/eAIP/2026-05-14-AIRAC/html/eAIP/WM-ENR-4.4-en-MS.html,
UDINA,UDINA,SIGNIFICANT_POINT,MALAYSIA / WMFC-WBFC FIR,4.9017000000,115.1514000000,CAAM MALAYSIA,2026-05-14,https://aip.caam.gov.my/aip/eAIP/2026-05-14-AIRAC/html/eAIP/WM-ENR-4.4-en-MS.html,
UGAMO,UGAMO,SIGNIFICANT_POINT,MALAYSIA / WMFC-WBFC FIR,5.6851194444,100.2580500000,CAAM MALAYSIA,2026-05-14,https://aip.caam.gov.my/aip/eAIP/2026-05-14-AIRAC/html/eAIP/WM-ENR-4.4-en-MS.html,
UGAVU,UGAVU,SIGNIFICANT_POINT,MALAYSIA / WMFC-WBFC FIR,5.5496833333,103.1498583333,CAAM MALAYSIA,2026-05-14,https://aip.caam.gov.my/aip/eAIP/2026-05-14-AIRAC/html/eAIP/WM-ENR-4.4-en-MS.html,
UGPEK,UGPEK,SIGNIFICANT_POINT,MALAYSIA / WMFC-WBFC FIR,3.6131000000,104.1311000000,CAAM MALAYSIA,2026-05-14,https://aip.caam.gov.my/aip/eAIP/2026-05-14-AIRAC/html/eAIP/WM-ENR-4.4-en-MS.html,
UGPEM,UGPEM,SIGNIFICANT_POINT,MALAYSIA / WMFC-WBFC FIR,5.7768111111,117.6768111111,CAAM MALAYSIA,2026-05-14,https://aip.caam.gov.my/aip/eAIP/2026-05-14-AIRAC/html/eAIP/WM-ENR-4.4-en-MS.html,
UGUKI,UGUKI,SIGNIFICANT_POINT,MALAYSIA / WMFC-WBFC FIR,5.6903277778,115.7975138889,CAAM MALAYSIA,2026-05-14,https://aip.caam.gov.my/aip/eAIP/2026-05-14-AIRAC/html/eAIP/WM-ENR-4.4-en-MS.html,
UKALO,UKALO,SIGNIFICANT_POINT,MALAYSIA / WMFC-WBFC FIR,6.0059388889,115.7558250000,CAAM MALAYSIA,2026-05-14,https://aip.caam.gov.my/aip/eAIP/2026-05-14-AIRAC/html/eAIP/WM-ENR-4.4-en-MS.html,
UKASA,UKASA,SIGNIFICANT_POINT,MALAYSIA / WMFC-WBFC FIR,2.8792000000,103.6503000000,CAAM MALAYSIA,2026-05-14,https://aip.caam.gov.my/aip/eAIP/2026-05-14-AIRAC/html/eAIP/WM-ENR-4.4-en-MS.html,
UKBON,UKBON,SIGNIFICANT_POINT,MALAYSIA / WMFC-WBFC FIR,5.7467361111,115.8062777778,CAAM MALAYSIA,2026-05-14,https://aip.caam.gov.my/aip/eAIP/2026-05-14-AIRAC/html/eAIP/WM-ENR-4.4-en-MS.html,
UKIBA,UKIBA,SIGNIFICANT_POINT,MALAYSIA / WMFC-WBFC FIR,5.3136000000,115.0358000000,CAAM MALAYSIA,2026-05-14,https://aip.caam.gov.my/aip/eAIP/2026-05-14-AIRAC/html/eAIP/WM-ENR-4.4-en-MS.html,
UPGOR,UPGOR,SIGNIFICANT_POINT,MALAYSIA / WMFC-WBFC FIR,2.3975250000,111.9794722222,CAAM MALAYSIA,2026-05-14,https://aip.caam.gov.my/aip/eAIP/2026-05-14-AIRAC/html/eAIP/WM-ENR-4.4-en-MS.html,
UPKEX,UPKEX,SIGNIFICANT_POINT,MALAYSIA / WMFC-WBFC FIR,5.6847833333,115.9489555556,CAAM MALAYSIA,2026-05-14,https://aip.caam.gov.my/aip/eAIP/2026-05-14-AIRAC/html/eAIP/WM-ENR-4.4-en-MS.html,
UPRON,UPRON,SIGNIFICANT_POINT,MALAYSIA / WMFC-WBFC FIR,6.1509472222,103.3444388889,CAAM MALAYSIA,2026-05-14,https://aip.caam.gov.my/aip/eAIP/2026-05-14-AIRAC/html/eAIP/WM-ENR-4.4-en-MS.html,
UPSIM,UPSIM,SIGNIFICANT_POINT,MALAYSIA / WMFC-WBFC FIR,2.9081000000,113.0692000000,CAAM MALAYSIA,2026-05-14,https://aip.caam.gov.my/aip/eAIP/2026-05-14-AIRAC/html/eAIP/WM-ENR-4.4-en-MS.html,
URBOK,URBOK,SIGNIFICANT_POINT,MALAYSIA / WMFC-WBFC FIR,1.9431916667,108.7472416667,CAAM MALAYSIA,2026-05-14,https://aip.caam.gov.my/aip/eAIP/2026-05-14-AIRAC/html/eAIP/WM-ENR-4.4-en-MS.html,
URIGO,URIGO,SIGNIFICANT_POINT,MALAYSIA / WMFC-WBFC FIR,3.4180555556,104.1130555556,CAAM MALAYSIA,2026-05-14,https://aip.caam.gov.my/aip/eAIP/2026-05-14-AIRAC/html/eAIP/WM-ENR-4.4-en-MS.html,
VABNO,VABNO,SIGNIFICANT_POINT,MALAYSIA / WMFC-WBFC FIR,1.7298611111,103.6216388889,CAAM MALAYSIA,2026-05-14,https://aip.caam.gov.my/aip/eAIP/2026-05-14-AIRAC/html/eAIP/WM-ENR-4.4-en-MS.html,
VAKRA,VAKRA,SIGNIFICANT_POINT,MALAYSIA / WMFC-WBFC FIR,1.7811888889,103.7254444444,CAAM MALAYSIA,2026-05-14,https://aip.caam.gov.my/aip/eAIP/2026-05-14-AIRAC/html/eAIP/WM-ENR-4.4-en-MS.html,
VALSI,VALSI,SIGNIFICANT_POINT,MALAYSIA / WMFC-WBFC FIR,9.5159222222,100.5883611111,CAAM MALAYSIA,2026-05-14,https://aip.caam.gov.my/aip/eAIP/2026-05-14-AIRAC/html/eAIP/WM-ENR-4.4-en-MS.html,
VAMPI,VAMPI,SIGNIFICANT_POINT,MALAYSIA / WMFC-WBFC FIR,6.1822222222,97.5855555556,CAAM MALAYSIA,2026-05-14,https://aip.caam.gov.my/aip/eAIP/2026-05-14-AIRAC/html/eAIP/WM-ENR-4.4-en-MS.html,
VARKO,VARKO,SIGNIFICANT_POINT,MALAYSIA / WMFC-WBFC FIR,2.8046222222,101.5189250000,CAAM MALAYSIA,2026-05-14,https://aip.caam.gov.my/aip/eAIP/2026-05-14-AIRAC/html/eAIP/WM-ENR-4.4-en-MS.html,
VELTU,VELTU,SIGNIFICANT_POINT,MALAYSIA / WMFC-WBFC FIR,2.2732944444,101.9576388889,CAAM MALAYSIA,2026-05-14,https://aip.caam.gov.my/aip/eAIP/2026-05-14-AIRAC/html/eAIP/WM-ENR-4.4-en-MS.html,
VENLI,VENLI,SIGNIFICANT_POINT,MALAYSIA / WMFC-WBFC FIR,6.4800000000,102.8167000000,CAAM MALAYSIA,2026-05-14,https://aip.caam.gov.my/aip/eAIP/2026-05-14-AIRAC/html/eAIP/WM-ENR-4.4-en-MS.html,
VEROM,VEROM,SIGNIFICANT_POINT,MALAYSIA / WMFC-WBFC FIR,5.4768527778,99.9754694444,CAAM MALAYSIA,2026-05-14,https://aip.caam.gov.my/aip/eAIP/2026-05-14-AIRAC/html/eAIP/WM-ENR-4.4-en-MS.html,
VESIS,VESIS,SIGNIFICANT_POINT,MALAYSIA / WMFC-WBFC FIR,3.0794444444,100.9780555556,CAAM MALAYSIA,2026-05-14,https://aip.caam.gov.my/aip/eAIP/2026-05-14-AIRAC/html/eAIP/WM-ENR-4.4-en-MS.html,
VETAG,VETAG,SIGNIFICANT_POINT,MALAYSIA / WMFC-WBFC FIR,6.5849916667,116.5143000000,CAAM MALAYSIA,2026-05-14,https://aip.caam.gov.my/aip/eAIP/2026-05-14-AIRAC/html/eAIP/WM-ENR-4.4-en-MS.html,
VIDEX,VIDEX,SIGNIFICANT_POINT,MALAYSIA / WMFC-WBFC FIR,2.9186111111,101.3230555556,CAAM MALAYSIA,2026-05-14,https://aip.caam.gov.my/aip/eAIP/2026-05-14-AIRAC/html/eAIP/WM-ENR-4.4-en-MS.html,
VIDIP,VIDIP,SIGNIFICANT_POINT,MALAYSIA / WMFC-WBFC FIR,5.6850000000,115.1675000000,CAAM MALAYSIA,2026-05-14,https://aip.caam.gov.my/aip/eAIP/2026-05-14-AIRAC/html/eAIP/WM-ENR-4.4-en-MS.html,
VIGAR,VIGAR,SIGNIFICANT_POINT,MALAYSIA / WMFC-WBFC FIR,5.2749333333,100.3790361111,CAAM MALAYSIA,2026-05-14,https://aip.caam.gov.my/aip/eAIP/2026-05-14-AIRAC/html/eAIP/WM-ENR-4.4-en-MS.html,
VILAT,VILAT,SIGNIFICANT_POINT,MALAYSIA / WMFC-WBFC FIR,5.8911000000,100.0992000000,CAAM MALAYSIA,2026-05-14,https://aip.caam.gov.my/aip/eAIP/2026-05-14-AIRAC/html/eAIP/WM-ENR-4.4-en-MS.html,
VIMAG,VIMAG,SIGNIFICANT_POINT,MALAYSIA / WMFC-WBFC FIR,6.0266666667,118.5433333333,CAAM MALAYSIA,2026-05-14,https://aip.caam.gov.my/aip/eAIP/2026-05-14-AIRAC/html/eAIP/WM-ENR-4.4-en-MS.html,
VIMON,VIMON,SIGNIFICANT_POINT,MALAYSIA / WMFC-WBFC FIR,4.6406000000,114.8889000000,CAAM MALAYSIA,2026-05-14,https://aip.caam.gov.my/aip/eAIP/2026-05-14-AIRAC/html/eAIP/WM-ENR-4.4-en-MS.html,
VINEK,VINEK,SIGNIFICANT_POINT,MALAYSIA / WMFC-WBFC FIR,5.1817111111,102.9058555556,CAAM MALAYSIA,2026-05-14,https://aip.caam.gov.my/aip/eAIP/2026-05-14-AIRAC/html/eAIP/WM-ENR-4.4-en-MS.html,
VINIK,VINIK,SIGNIFICANT_POINT,MALAYSIA / WMFC-WBFC FIR,8.6416666667,116.2300000000,CAAM MALAYSIA,2026-05-14,https://aip.caam.gov.my/aip/eAIP/2026-05-14-AIRAC/html/eAIP/WM-ENR-4.4-en-MS.html,
VIRID,VIRID,SIGNIFICANT_POINT,MALAYSIA / WMFC-WBFC FIR,3.2911250000,103.2216777778,CAAM MALAYSIA,2026-05-14,https://aip.caam.gov.my/aip/eAIP/2026-05-14-AIRAC/html/eAIP/WM-ENR-4.4-en-MS.html,
VISAT,VISAT,SIGNIFICANT_POINT,MALAYSIA / WMFC-WBFC FIR,3.4388888889,104.5261111111,CAAM MALAYSIA,2026-05-14,https://aip.caam.gov.my/aip/eAIP/2026-05-14-AIRAC/html/eAIP/WM-ENR-4.4-en-MS.html,
VISAX,VISAX,SIGNIFICANT_POINT,MALAYSIA / WMFC-WBFC FIR,2.9419444444,101.6613888889,CAAM MALAYSIA,2026-05-14,https://aip.caam.gov.my/aip/eAIP/2026-05-14-AIRAC/html/eAIP/WM-ENR-4.4-en-MS.html,
VISED,VISED,SIGNIFICANT_POINT,MALAYSIA / WMFC-WBFC FIR,5.4627777778,117.1875000000,CAAM MALAYSIA,2026-05-14,https://aip.caam.gov.my/aip/eAIP/2026-05-14-AIRAC/html/eAIP/WM-ENR-4.4-en-MS.html,
XISAN,XISAN,SIGNIFICANT_POINT,MALAYSIA / WMFC-WBFC FIR,4.8172000000,115.1478000000,CAAM MALAYSIA,2026-05-14,https://aip.caam.gov.my/aip/eAIP/2026-05-14-AIRAC/html/eAIP/WM-ENR-4.4-en-MS.html,
XODEP,XODEP,SIGNIFICANT_POINT,MALAYSIA / WMFC-WBFC FIR,4.7486111111,103.4035305556,CAAM MALAYSIA,2026-05-14,https://aip.caam.gov.my/aip/eAIP/2026-05-14-AIRAC/html/eAIP/WM-ENR-4.4-en-MS.html,
XODER,XODER,SIGNIFICANT_POINT,MALAYSIA / WMFC-WBFC FIR,6.5675361111,116.0807083333,CAAM MALAYSIA,2026-05-14,https://aip.caam.gov.my/aip/eAIP/2026-05-14-AIRAC/html/eAIP/WM-ENR-4.4-en-MS.html,
